name,description,image,attributes

1,A combination of modern art aesthetic and early 20th century cubism inspired by the late Picasso.,ipfs://QmeAVfDgQTpLn4aGDBWa7zzBqRVYPmrBeCCddEBgCAT6z8/1.png,"[{'trait_type': 'Background', 'value': 'Grey'}, {'trait_type': 'Body', 'value': 'NewNew'}, {'trait_type': 'Ear', 'value': 'Ear'}, {'trait_type': 'Head', 'value': 'Brown'}, {'trait_type': 'Mouth', 'value': 'Moustache Rainbow'}, {'trait_type': 'Right Eye', 'value': 'Rainbow'}, {'trait_type': 'Left Eye', 'value': 'High'}, {'trait_type': 'Right Eyebrow', 'value': 'Tranquil'}, {'trait_type': 'Left Eyebrow', 'value': 'Calm'}, {'trait_type': 'Clothing', 'value': 'Fur Coat Dalmation'}, {'trait_type': 'Jewelry', 'value': 'Nose Stud'}, {'trait_type': 'Headwear', 'value': 'Olive Branches'}, {'trait_type': 'Name', 'value': ''}, {'trait_type': 'Generation', 'value': '1'}]"

2,A combination of modern art aesthetic and early 20th century cubism inspired by the late Picasso.,ipfs://QmeAVfDgQTpLn4aGDBWa7zzBqRVYPmrBeCCddEBgCAT6z8/2.png,"[{'trait_type': 'Background', 'value': 'Peach'}, {'trait_type': 'Body', 'value': 'Purple'}, {'trait_type': 'Ear', 'value': 'Ear'}, {'trait_type': 'Head', 'value': 'Brown'}, {'trait_type': 'Mouth', 'value': 'Lip Bite Gold Grill'}, {'trait_type': 'Right Eye', 'value': 'Pacman'}, {'trait_type': 'Left Eye', 'value': 'Robot'}, {'trait_type': 'Right Eyebrow', 'value': 'Tranquil'}, {'trait_type': 'Left Eyebrow', 'value': 'Calm'}, {'trait_type': 'Clothing', 'value': 'Kimono'}, {'trait_type': 'Jewelry', 'value': 'Earring'}, {'trait_type': 'Headwear', 'value': 'Bandana Red'}, {'trait_type': 'Name', 'value': ''}, {'trait_type': 'Generation', 'value': '1'}]"

3,A combination of modern art aesthetic and early 20th century cubism inspired by the late Picasso.,ipfs://QmeAVfDgQTpLn4aGDBWa7zzBqRVYPmrBeCCddEBgCAT6z8/3.png,"[{'trait_type': 'Background', 'value': 'Peach'}, {'trait_type': 'Body', 'value': 'Mosaic'}, {'trait_type': 'Ear', 'value': 'Ear'}, {'trait_type': 'Head', 'value': 'Brown'}, {'trait_type': 'Mouth', 'value': 'Crazy Gold Grill'}, {'trait_type': 'Right Eye', 'value': 'Pacman'}, {'trait_type': 'Left Eye', 'value': 'Yellow'}, {'trait_type': 'Right Eyebrow', 'value': 'Fancy'}, {'trait_type': 'Left Eyebrow', 'value': 'Snooty'}, {'trait_type': 'Clothing', 'value': 'Tank Top LA'}, {'trait_type': 'Jewelry', 'value': 'Earring'}, {'trait_type': 'Headwear', 'value': 'Afro'}, {'trait_type': 'Name', 'value': ''}, {'trait_type': 'Generation', 'value': '1'}]"

4,A combination of modern art aesthetic and early 20th century cubism inspired by the late Picasso.,ipfs://QmeAVfDgQTpLn4aGDBWa7zzBqRVYPmrBeCCddEBgCAT6z8/4.png,"[{'trait_type': 'Background', 'value': 'Baby Blue'}, {'trait_type': 'Body', 'value': 'Purple'}, {'trait_type': 'Ear', 'value': 'Ear'}, {'trait_type': 'Head', 'value': 'Brown'}, {'trait_type': 'Mouth', 'value': 'Snarl Diamond'}, {'trait_type': 'Right Eye', 'value': 'Emerald'}, {'trait_type': 'Left Eye', 'value': 'Glass'}, {'trait_type': 'Right Eyebrow', 'value': 'Moody'}, {'trait_type': 'Left Eyebrow', 'value': 'Snooty'}, {'trait_type': 'Clothing', 'value': 'Varsity Jacket Blue'}, {'trait_type': 'Jewelry', 'value': ''}, {'trait_type': 'Headwear', 'value': 'Astronaut Helmet'}, {'trait_type': 'Name', 'value': ''}, {'trait_type': 'Generation', 'value': '1'}]"

5,A combination of modern art aesthetic and early 20th century cubism inspired by the late Picasso.,ipfs://QmeAVfDgQTpLn4aGDBWa7zzBqRVYPmrBeCCddEBgCAT6z8/5.png,"[{'trait_type': 'Background', 'value': 'Baby Blue'}, {'trait_type': 'Body', 'value': 'Brown'}, {'trait_type': 'Ear', 'value': 'Ear'}, {'trait_type': 'Head', 'value': 'Brown'}, {'trait_type': 'Mouth', 'value': 'Lip Bite'}, {'trait_type': 'Right Eye', 'value': 'Pacman'}, {'trait_type': 'Left Eye', 'value': 'Yellow'}, {'trait_type': 'Right Eyebrow', 'value': 'Tranquil'}, {'trait_type': 'Left Eyebrow', 'value': 'Sinister'}, {'trait_type': 'Clothing', 'value': 'Varsity Jacket Red'}, {'trait_type': 'Jewelry', 'value': 'Earring'}, {'trait_type': 'Headwear', 'value': ''}, {'trait_type': 'Name', 'value': ''}, {'trait_type': 'Generation', 'value': '1'}]"

6,A combination of modern art aesthetic and early 20th century cubism inspired by the late Picasso.,ipfs://QmeAVfDgQTpLn4aGDBWa7zzBqRVYPmrBeCCddEBgCAT6z8/6.png,"[{'trait_type': 'Background', 'value': 'Indigo'}, {'trait_type': 'Body', 'value': 'Brown'}, {'trait_type': 'Ear', 'value': 'Ear'}, {'trait_type': 'Head', 'value': 'Brown'}, {'trait_type': 'Mouth', 'value': 'Crazy'}, {'trait_type': 'Right Eye', 'value': 'Emerald'}, {'trait_type': 'Left Eye', 'value': 'Blue Squint'}, {'trait_type': 'Right Eyebrow', 'value': 'Tranquil'}, {'trait_type': 'Left Eyebrow', 'value': 'Calm'}, {'trait_type': 'Clothing', 'value': 'Hippie Vest'}, {'trait_type': 'Jewelry', 'value': 'Nose Stud'}, {'trait_type': 'Headwear', 'value': 'Cowboy Hat'}, {'trait_type': 'Name', 'value': ''}, {'trait_type': 'Generation', 'value': '1'}]"

7,A combination of modern art aesthetic and early 20th century cubism inspired by the late Picasso.,ipfs://QmeAVfDgQTpLn4aGDBWa7zzBqRVYPmrBeCCddEBgCAT6z8/7.png,"[{'trait_type': 'Background', 'value': 'Yellow'}, {'trait_type': 'Body', 'value': 'Brown'}, {'trait_type': 'Ear', 'value': 'Ear'}, {'trait_type': 'Head', 'value': 'Brown'}, {'trait_type': 'Mouth', 'value': 'Lip Bite'}, {'trait_type': 'Right Eye', 'value': 'Emerald'}, {'trait_type': 'Left Eye', 'value': 'Blue Squint'}, {'trait_type': 'Right Eyebrow', 'value': 'Tranquil'}, {'trait_type': 'Left Eyebrow', 'value': 'Sinister'}, {'trait_type': 'Clothing', 'value': 'Flannel Brown'}, {'trait_type': 'Jewelry', 'value': ''}, {'trait_type': 'Headwear', 'value': 'Pablo Fitted Green'}, {'trait_type': 'Name', 'value': ''}, {'trait_type': 'Generation', 'value': '1'}]"

8,A combination of modern art aesthetic and early 20th century cubism inspired by the late Picasso.,ipfs://QmeAVfDgQTpLn4aGDBWa7zzBqRVYPmrBeCCddEBgCAT6z8/8.png,"[{'trait_type': 'Background', 'value': 'Yellow'}, {'trait_type': 'Body', 'value': 'Purple'}, {'trait_type': 'Ear', 'value': 'Ear'}, {'trait_type': 'Head', 'value': 'Brown'}, {'trait_type': 'Mouth', 'value': 'Moustache White'}, {'trait_type': 'Right Eye', 'value': 'Cotton Candy'}, {'trait_type': 'Left Eye', 'value': 'Robot'}, {'trait_type': 'Right Eyebrow', 'value': 'Moody'}, {'trait_type': 'Left Eyebrow', 'value': 'Snooty'}, {'trait_type': 'Clothing', 'value': 'Vacation Shirt Green'}, {'trait_type': 'Jewelry', 'value': ''}, {'trait_type': 'Headwear', 'value': 'Pablo Fitted Green'}, {'trait_type': 'Name', 'value': ''}, {'trait_type': 'Generation', 'value': '1'}]"

9,A combination of modern art aesthetic and early 20th century cubism inspired by the late Picasso.,ipfs://QmeAVfDgQTpLn4aGDBWa7zzBqRVYPmrBeCCddEBgCAT6z8/9.png,"[{'trait_type': 'Background', 'value': 'Yellow'}, {'trait_type': 'Body', 'value': 'Mosaic'}, {'trait_type': 'Ear', 'value': 'Ear'}, {'trait_type': 'Head', 'value': 'Brown'}, {'trait_type': 'Mouth', 'value': 'Lip Bite Blue'}, {'trait_type': 'Right Eye', 'value': 'Gold'}, {'trait_type': 'Left Eye', 'value': 'Glass'}, {'trait_type': 'Right Eyebrow', 'value': 'Moody'}, {'trait_type': 'Left Eyebrow', 'value': 'Sinister'}, {'trait_type': 'Clothing', 'value': 'Flannel Brown'}, {'trait_type': 'Jewelry', 'value': 'Nose Ring'}, {'trait_type': 'Headwear', 'value': 'Olive Branches'}, {'trait_type': 'Name', 'value': ''}, {'trait_type': 'Generation', 'value': '1'}]"

10,A combination of modern art aesthetic and early 20th century cubism inspired by the late Picasso.,ipfs://QmeAVfDgQTpLn4aGDBWa7zzBqRVYPmrBeCCddEBgCAT6z8/10.png,"[{'trait_type': 'Background', 'value': 'Green'}, {'trait_type': 'Body', 'value': 'Brown'}, {'trait_type': 'Ear', 'value': 'Ear'}, {'trait_type': 'Head', 'value': 'Brown'}, {'trait_type': 'Mouth', 'value': 'Snarl'}, {'trait_type': 'Right Eye', 'value': 'Jade'}, {'trait_type': 'Left Eye', 'value': 'Yellow'}, {'trait_type': 'Right Eyebrow', 'value': 'Fancy'}, {'trait_type': 'Left Eyebrow', 'value': 'Snooty'}, {'trait_type': 'Clothing', 'value': 'Varsity Jacket Blue'}, {'trait_type': 'Jewelry', 'value': 'Earring'}, {'trait_type': 'Headwear', 'value': 'Pablo Fitted Red'}, {'trait_type': 'Name', 'value': ''}, {'trait_type': 'Generation', 'value': '1'}]"

11,A combination of modern art aesthetic and early 20th century cubism inspired by the late Picasso.,ipfs://QmeAVfDgQTpLn4aGDBWa7zzBqRVYPmrBeCCddEBgCAT6z8/11.png,"[{'trait_type': 'Background', 'value': 'Indigo'}, {'trait_type': 'Body', 'value': 'Brown'}, {'trait_type': 'Ear', 'value': 'Ear'}, {'trait_type': 'Head', 'value': 'Brown'}, {'trait_type': 'Mouth', 'value': 'Crazy'}, {'trait_type': 'Right Eye', 'value': 'Jade'}, {'trait_type': 'Left Eye', 'value': 'Purple Lazy'}, {'trait_type': 'Right Eyebrow', 'value': 'Moody'}, {'trait_type': 'Left Eyebrow', 'value': 'Sinister'}, {'trait_type': 'Clothing', 'value': 'Varsity Jacket Blue'}, {'trait_type': 'Jewelry', 'value': ''}, {'trait_type': 'Headwear', 'value': 'Fisherman Hat'}, {'trait_type': 'Name', 'value': ''}, {'trait_type': 'Generation', 'value': '1'}]"

12,A combination of modern art aesthetic and early 20th century cubism inspired by the late Picasso.,ipfs://QmeAVfDgQTpLn4aGDBWa7zzBqRVYPmrBeCCddEBgCAT6z8/12.png,"[{'trait_type': 'Background', 'value': 'Baby Blue'}, {'trait_type': 'Body', 'value': 'Mosaic'}, {'trait_type': 'Ear', 'value': 'Ear'}, {'trait_type': 'Head', 'value': 'Brown'}, {'trait_type': 'Mouth', 'value': 'Snarl Blue'}, {'trait_type': 'Right Eye', 'value': 'Jade'}, {'trait_type': 'Left Eye', 'value': 'Blue Squint'}, {'trait_type': 'Right Eyebrow', 'value': 'Fancy'}, {'trait_type': 'Left Eyebrow', 'value': 'Sinister'}, {'trait_type': 'Clothing', 'value': 'Varsity Jacket Blue'}, {'trait_type': 'Jewelry', 'value': 'Nose Ring'}, {'trait_type': 'Headwear', 'value': 'Party Hat'}, {'trait_type': 'Name', 'value': ''}, {'trait_type': 'Generation', 'value': '1'}]"

13,A combination of modern art aesthetic and early 20th century cubism inspired by the late Picasso.,ipfs://QmeAVfDgQTpLn4aGDBWa7zzBqRVYPmrBeCCddEBgCAT6z8/13.png,"[{'trait_type': 'Background', 'value': 'Yellow'}, {'trait_type': 'Body', 'value': 'Brown'}, {'trait_type': 'Ear', 'value': 'Ear'}, {'trait_type': 'Head', 'value': 'Brown'}, {'trait_type': 'Mouth', 'value': 'Lip Bite Diamond'}, {'trait_type': 'Right Eye', 'value': 'Emerald'}, {'trait_type': 'Left Eye', 'value': 'Yellow'}, {'trait_type': 'Right Eyebrow', 'value': 'Fancy'}, {'trait_type': 'Left Eyebrow', 'value': 'Sinister'}, {'trait_type': 'Clothing', 'value': 'Tank Top LA'}, {'trait_type': 'Jewelry', 'value': 'Nose Stud'}, {'trait_type': 'Headwear', 'value': ''}, {'trait_type': 'Name', 'value': ''}, {'trait_type': 'Generation', 'value': '1'}]"

14,A combination of modern art aesthetic and early 20th century cubism inspired by the late Picasso.,ipfs://QmeAVfDgQTpLn4aGDBWa7zzBqRVYPmrBeCCddEBgCAT6z8/14.png,"[{'trait_type': 'Background', 'value': 'Yellow'}, {'trait_type': 'Body', 'value': 'Purple'}, {'trait_type': 'Ear', 'value': 'Ear'}, {'trait_type': 'Head', 'value': 'Brown'}, {'trait_type': 'Mouth', 'value': 'Snarl'}, {'trait_type': 'Right Eye', 'value': 'Gold'}, {'trait_type': 'Left Eye', 'value': 'Blue Squint'}, {'trait_type': 'Right Eyebrow', 'value': 'Moody'}, {'trait_type': 'Left Eyebrow', 'value': 'Sinister'}, {'trait_type': 'Clothing', 'value': 'Leather Jacket'}, {'trait_type': 'Jewelry', 'value': ''}, {'trait_type': 'Headwear', 'value': 'Bandana Blue'}, {'trait_type': 'Name', 'value': ''}, {'trait_type': 'Generation', 'value': '1'}]"

15,A combination of modern art aesthetic and early 20th century cubism inspired by the late Picasso.,ipfs://QmeAVfDgQTpLn4aGDBWa7zzBqRVYPmrBeCCddEBgCAT6z8/15.png,"[{'trait_type': 'Background', 'value': 'Peach'}, {'trait_type': 'Body', 'value': 'Brown'}, {'trait_type': 'Ear', 'value': 'Ear'}, {'trait_type': 'Head', 'value': 'Brown'}, {'trait_type': 'Mouth', 'value': 'Lip Bite Blue'}, {'trait_type': 'Right Eye', 'value': 'Cotton Candy'}, {'trait_type': 'Left Eye', 'value': 'Blue Squint'}, {'trait_type': 'Right Eyebrow', 'value': 'Moody'}, {'trait_type': 'Left Eyebrow', 'value': 'Snooty'}, {'trait_type': 'Clothing', 'value': 'Construction'}, {'trait_type': 'Jewelry', 'value': ''}, {'trait_type': 'Headwear', 'value': 'Afro'}, {'trait_type': 'Name', 'value': ''}, {'trait_type': 'Generation', 'value': '1'}]"

16,A combination of modern art aesthetic and early 20th century cubism inspired by the late Picasso.,ipfs://QmeAVfDgQTpLn4aGDBWa7zzBqRVYPmrBeCCddEBgCAT6z8/16.png,"[{'trait_type': 'Background', 'value': 'Peach'}, {'trait_type': 'Body', 'value': 'Purple'}, {'trait_type': 'Ear', 'value': 'Ear'}, {'trait_type': 'Head', 'value': 'Brown'}, {'trait_type': 'Mouth', 'value': 'Snarl Gold Grill'}, {'trait_type': 'Right Eye', 'value': 'Rainbow'}, {'trait_type': 'Left Eye', 'value': 'Glass'}, {'trait_type': 'Right Eyebrow', 'value': 'Moody'}, {'trait_type': 'Left Eyebrow', 'value': 'Sinister'}, {'trait_type': 'Clothing', 'value': 'Tuxedo'}, {'trait_type': 'Jewelry', 'value': 'Nose Ring'}, {'trait_type': 'Headwear', 'value': 'Pablo Fitted Red'}, {'trait_type': 'Name', 'value': ''}, {'trait_type': 'Generation', 'value': '1'}]"

17,A combination of modern art aesthetic and early 20th century cubism inspired by the late Picasso.,ipfs://QmeAVfDgQTpLn4aGDBWa7zzBqRVYPmrBeCCddEBgCAT6z8/17.png,"[{'trait_type': 'Background', 'value': 'Peach'}, {'trait_type': 'Body', 'value': 'Brown'}, {'trait_type': 'Ear', 'value': 'Ear'}, {'trait_type': 'Head', 'value': 'Brown'}, {'trait_type': 'Mouth', 'value': 'Lip Bite'}, {'trait_type': 'Right Eye', 'value': 'Gold'}, {'trait_type': 'Left Eye', 'value': 'Yellow'}, {'trait_type': 'Right Eyebrow', 'value': 'Fancy'}, {'trait_type': 'Left Eyebrow', 'value': 'Sinister'}, {'trait_type': 'Clothing', 'value': 'Tuxedo White'}, {'trait_type': 'Jewelry', 'value': ''}, {'trait_type': 'Headwear', 'value': 'Bandana Blue'}, {'trait_type': 'Name', 'value': ''}, {'trait_type': 'Generation', 'value': '1'}]"

18,A combination of modern art aesthetic and early 20th century cubism inspired by the late Picasso.,ipfs://QmeAVfDgQTpLn4aGDBWa7zzBqRVYPmrBeCCddEBgCAT6z8/18.png,"[{'trait_type': 'Background', 'value': 'Indigo'}, {'trait_type': 'Body', 'value': 'Brown'}, {'trait_type': 'Ear', 'value': 'Ear'}, {'trait_type': 'Head', 'value': 'Brown'}, {'trait_type': 'Mouth', 'value': 'Moustache Rainbow'}, {'trait_type': 'Right Eye', 'value': 'Jade'}, {'trait_type': 'Left Eye', 'value': 'Blue Squint'}, {'trait_type': 'Right Eyebrow', 'value': 'Moody'}, {'trait_type': 'Left Eyebrow', 'value': 'Calm'}, {'trait_type': 'Clothing', 'value': ''}, {'trait_type': 'Jewelry', 'value': ''}, {'trait_type': 'Headwear', 'value': 'Cowboy Hat'}, {'trait_type': 'Name', 'value': ''}, {'trait_type': 'Generation', 'value': '1'}]"

19,A combination of modern art aesthetic and early 20th century cubism inspired by the late Picasso.,ipfs://QmeAVfDgQTpLn4aGDBWa7zzBqRVYPmrBeCCddEBgCAT6z8/19.png,"[{'trait_type': 'Background', 'value': 'Pink'}, {'trait_type': 'Body', 'value': 'Brown'}, {'trait_type': 'Ear', 'value': 'Ear'}, {'trait_type': 'Head', 'value': 'Brown'}, {'trait_type': 'Mouth', 'value': 'Lip Bite Blue'}, {'trait_type': 'Right Eye', 'value': 'Jade'}, {'trait_type': 'Left Eye', 'value': 'Yellow'}, {'trait_type': 'Right Eyebrow', 'value': 'Fancy'}, {'trait_type': 'Left Eyebrow', 'value': 'Sinister'}, {'trait_type': 'Clothing', 'value': 'T-Shirt Blue Stripes'}, {'trait_type': 'Jewelry', 'value': ''}, {'trait_type': 'Headwear', 'value': ''}, {'trait_type': 'Name', 'value': ''}, {'trait_type': 'Generation', 'value': '1'}]"

20,A combination of modern art aesthetic and early 20th century cubism inspired by the late Picasso.,ipfs://QmeAVfDgQTpLn4aGDBWa7zzBqRVYPmrBeCCddEBgCAT6z8/20.png,"[{'trait_type': 'Background', 'value': 'Peach'}, {'trait_type': 'Body', 'value': 'Mosaic'}, {'trait_type': 'Ear', 'value': 'Ear'}, {'trait_type': 'Head', 'value': 'Brown'}, {'trait_type': 'Mouth', 'value': 'Unbothered'}, {'trait_type': 'Right Eye', 'value': 'Pacman'}, {'trait_type': 'Left Eye', 'value': 'Purple Lazy'}, {'trait_type': 'Right Eyebrow', 'value': 'Fancy'}, {'trait_type': 'Left Eyebrow', 'value': 'Calm'}, {'trait_type': 'Clothing', 'value': 'Varsity Jacket Red'}, {'trait_type': 'Jewelry', 'value': ''}, {'trait_type': 'Headwear', 'value': 'Olive Branches'}, {'trait_type': 'Name', 'value': ''}, {'trait_type': 'Generation', 'value': '1'}]"

21,A combination of modern art aesthetic and early 20th century cubism inspired by the late Picasso.,ipfs://QmeAVfDgQTpLn4aGDBWa7zzBqRVYPmrBeCCddEBgCAT6z8/21.png,"[{'trait_type': 'Background', 'value': 'Baby Blue'}, {'trait_type': 'Body', 'value': 'Brown'}, {'trait_type': 'Ear', 'value': 'Ear'}, {'trait_type': 'Head', 'value': 'Brown'}, {'trait_type': 'Mouth', 'value': 'Unbothered'}, {'trait_type': 'Right Eye', 'value': 'Pacman'}, {'trait_type': 'Left Eye', 'value': 'Blue Squint'}, {'trait_type': 'Right Eyebrow', 'value': 'Moody'}, {'trait_type': 'Left Eyebrow', 'value': 'Sinister'}, {'trait_type': 'Clothing', 'value': 'Fur Coat Brown'}, {'trait_type': 'Jewelry', 'value': ''}, {'trait_type': 'Headwear', 'value': ''}, {'trait_type': 'Name', 'value': ''}, {'trait_type': 'Generation', 'value': '1'}]"

22,A combination of modern art aesthetic and early 20th century cubism inspired by the late Picasso.,ipfs://QmeAVfDgQTpLn4aGDBWa7zzBqRVYPmrBeCCddEBgCAT6z8/22.png,"[{'trait_type': 'Background', 'value': 'Green'}, {'trait_type': 'Body', 'value': 'Peach'}, {'trait_type': 'Ear', 'value': 'Ear'}, {'trait_type': 'Head', 'value': 'Brown'}, {'trait_type': 'Mouth', 'value': 'Crazy Blue'}, {'trait_type': 'Right Eye', 'value': 'Emerald'}, {'trait_type': 'Left Eye', 'value': 'Yellow'}, {'trait_type': 'Right Eyebrow', 'value': 'Moody'}, {'trait_type': 'Left Eyebrow', 'value': 'Sinister'}, {'trait_type': 'Clothing', 'value': 'Tank Top LA'}, {'trait_type': 'Jewelry', 'value': ''}, {'trait_type': 'Headwear', 'value': ''}, {'trait_type': 'Name', 'value': ''}, {'trait_type': 'Generation', 'value': '1'}]"

23,A combination of modern art aesthetic and early 20th century cubism inspired by the late Picasso.,ipfs://QmeAVfDgQTpLn4aGDBWa7zzBqRVYPmrBeCCddEBgCAT6z8/23.png,"[{'trait_type': 'Background', 'value': 'Baby Blue'}, {'trait_type': 'Body', 'value': 'Purple'}, {'trait_type': 'Ear', 'value': 'Ear'}, {'trait_type': 'Head', 'value': 'Brown'}, {'trait_type': 'Mouth', 'value': 'Snarl Blue'}, {'trait_type': 'Right Eye', 'value': 'Cotton Candy'}, {'trait_type': 'Left Eye', 'value': 'Purple Lazy'}, {'trait_type': 'Right Eyebrow', 'value': 'Tranquil'}, {'trait_type': 'Left Eyebrow', 'value': 'Sinister'}, {'trait_type': 'Clothing', 'value': 'Pablo des Gar�ons'}, {'trait_type': 'Jewelry', 'value': ''}, {'trait_type': 'Headwear', 'value': 'Party Hat'}, {'trait_type': 'Name', 'value': ''}, {'trait_type': 'Generation', 'value': '1'}]"

24,A combination of modern art aesthetic and early 20th century cubism inspired by the late Picasso.,ipfs://QmeAVfDgQTpLn4aGDBWa7zzBqRVYPmrBeCCddEBgCAT6z8/24.png,"[{'trait_type': 'Background', 'value': 'Grey'}, {'trait_type': 'Body', 'value': 'Brown'}, {'trait_type': 'Ear', 'value': 'Ear'}, {'trait_type': 'Head', 'value': 'Brown'}, {'trait_type': 'Mouth', 'value': 'Snarl Gold Grill'}, {'trait_type': 'Right Eye', 'value': 'Gold'}, {'trait_type': 'Left Eye', 'value': 'Glass'}, {'trait_type': 'Right Eyebrow', 'value': 'Tranquil'}, {'trait_type': 'Left Eyebrow', 'value': 'Calm'}, {'trait_type': 'Clothing', 'value': 'Pablo des Gar�ons'}, {'trait_type': 'Jewelry', 'value': ''}, {'trait_type': 'Headwear', 'value': 'Docker Beanie'}, {'trait_type': 'Name', 'value': ''}, {'trait_type': 'Generation', 'value': '1'}]"

25,A combination of modern art aesthetic and early 20th century cubism inspired by the late Picasso.,ipfs://QmeAVfDgQTpLn4aGDBWa7zzBqRVYPmrBeCCddEBgCAT6z8/25.png,"[{'trait_type': 'Background', 'value': 'Green'}, {'trait_type': 'Body', 'value': 'Brown'}, {'trait_type': 'Ear', 'value': 'Ear'}, {'trait_type': 'Head', 'value': 'Brown'}, {'trait_type': 'Mouth', 'value': 'Snarl Blue'}, {'trait_type': 'Right Eye', 'value': 'Rainbow'}, {'trait_type': 'Left Eye', 'value': 'Purple Lazy'}, {'trait_type': 'Right Eyebrow', 'value': 'Tranquil'}, {'trait_type': 'Left Eyebrow', 'value': 'Snooty'}, {'trait_type': 'Clothing', 'value': 'Hoodie'}, {'trait_type': 'Jewelry', 'value': ''}, {'trait_type': 'Headwear', 'value': ''}, {'trait_type': 'Name', 'value': ''}, {'trait_type': 'Generation', 'value': '1'}]"

26,A combination of modern art aesthetic and early 20th century cubism inspired by the late Picasso.,ipfs://QmeAVfDgQTpLn4aGDBWa7zzBqRVYPmrBeCCddEBgCAT6z8/26.png,"[{'trait_type': 'Background', 'value': 'Indigo'}, {'trait_type': 'Body', 'value': 'Peach'}, {'trait_type': 'Ear', 'value': 'Ear'}, {'trait_type': 'Head', 'value': 'Brown'}, {'trait_type': 'Mouth', 'value': 'Lip Bite'}, {'trait_type': 'Right Eye', 'value': 'Jade'}, {'trait_type': 'Left Eye', 'value': 'Robot'}, {'trait_type': 'Right Eyebrow', 'value': 'Fancy'}, {'trait_type': 'Left Eyebrow', 'value': 'Sinister'}, {'trait_type': 'Clothing', 'value': 'Formal TieDye'}, {'trait_type': 'Jewelry', 'value': ''}, {'trait_type': 'Headwear', 'value': 'Pablo Fitted Green'}, {'trait_type': 'Name', 'value': ''}, {'trait_type': 'Generation', 'value': '1'}]"

27,A combination of modern art aesthetic and early 20th century cubism inspired by the late Picasso.,ipfs://QmeAVfDgQTpLn4aGDBWa7zzBqRVYPmrBeCCddEBgCAT6z8/27.png,"[{'trait_type': 'Background', 'value': 'Yellow'}, {'trait_type': 'Body', 'value': 'Purple'}, {'trait_type': 'Ear', 'value': 'Ear'}, {'trait_type': 'Head', 'value': 'Brown'}, {'trait_type': 'Mouth', 'value': 'Unbothered'}, {'trait_type': 'Right Eye', 'value': 'Pacman'}, {'trait_type': 'Left Eye', 'value': 'Purple Lazy'}, {'trait_type': 'Right Eyebrow', 'value': 'Tranquil'}, {'trait_type': 'Left Eyebrow', 'value': 'Sinister'}, {'trait_type': 'Clothing', 'value': 'Fur Coat Brown'}, {'trait_type': 'Jewelry', 'value': ''}, {'trait_type': 'Headwear', 'value': '10 Gallon'}, {'trait_type': 'Name', 'value': ''}, {'trait_type': 'Generation', 'value': '1'}]"

28,A combination of modern art aesthetic and early 20th century cubism inspired by the late Picasso.,ipfs://QmeAVfDgQTpLn4aGDBWa7zzBqRVYPmrBeCCddEBgCAT6z8/28.png,"[{'trait_type': 'Background', 'value': 'Green'}, {'trait_type': 'Body', 'value': 'Purple'}, {'trait_type': 'Ear', 'value': 'Ear'}, {'trait_type': 'Head', 'value': 'Brown'}, {'trait_type': 'Mouth', 'value': 'Moustache White'}, {'trait_type': 'Right Eye', 'value': 'Jade'}, {'trait_type': 'Left Eye', 'value': 'Yellow'}, {'trait_type': 'Right Eyebrow', 'value': 'Tranquil'}, {'trait_type': 'Left Eyebrow', 'value': 'Calm'}, {'trait_type': 'Clothing', 'value': 'Tank Top NY'}, {'trait_type': 'Jewelry', 'value': ''}, {'trait_type': 'Headwear', 'value': 'Docker Beanie'}, {'trait_type': 'Name', 'value': ''}, {'trait_type': 'Generation', 'value': '1'}]"

29,A combination of modern art aesthetic and early 20th century cubism inspired by the late Picasso.,ipfs://QmeAVfDgQTpLn4aGDBWa7zzBqRVYPmrBeCCddEBgCAT6z8/29.png,"[{'trait_type': 'Background', 'value': 'Grey'}, {'trait_type': 'Body', 'value': 'Peach'}, {'trait_type': 'Ear', 'value': 'Ear'}, {'trait_type': 'Head', 'value': 'Brown'}, {'trait_type': 'Mouth', 'value': 'Lip Bite Gold Grill'}, {'trait_type': 'Right Eye', 'value': 'Pacman'}, {'trait_type': 'Left Eye', 'value': 'Purple Lazy'}, {'trait_type': 'Right Eyebrow', 'value': 'Fancy'}, {'trait_type': 'Left Eyebrow', 'value': 'Sinister'}, {'trait_type': 'Clothing', 'value': ''}, {'trait_type': 'Jewelry', 'value': ''}, {'trait_type': 'Headwear', 'value': 'Afro'}, {'trait_type': 'Name', 'value': ''}, {'trait_type': 'Generation', 'value': '1'}]"

30,A combination of modern art aesthetic and early 20th century cubism inspired by the late Picasso.,ipfs://QmeAVfDgQTpLn4aGDBWa7zzBqRVYPmrBeCCddEBgCAT6z8/30.png,"[{'trait_type': 'Background', 'value': 'Magenta'}, {'trait_type': 'Body', 'value': 'Brown'}, {'trait_type': 'Ear', 'value': 'Ear'}, {'trait_type': 'Head', 'value': 'Brown'}, {'trait_type': 'Mouth', 'value': 'Crazy'}, {'trait_type': 'Right Eye', 'value': 'Cotton Candy'}, {'trait_type': 'Left Eye', 'value': 'Blue Squint'}, {'trait_type': 'Right Eyebrow', 'value': 'Tranquil'}, {'trait_type': 'Left Eyebrow', 'value': 'Calm'}, {'trait_type': 'Clothing', 'value': 'Tuxedo'}, {'trait_type': 'Jewelry', 'value': 'Nose Stud'}, {'trait_type': 'Headwear', 'value': ''}, {'trait_type': 'Name', 'value': ''}, {'trait_type': 'Generation', 'value': '1'}]"

31,A combination of modern art aesthetic and early 20th century cubism inspired by the late Picasso.,ipfs://QmeAVfDgQTpLn4aGDBWa7zzBqRVYPmrBeCCddEBgCAT6z8/31.png,"[{'trait_type': 'Background', 'value': 'Peach'}, {'trait_type': 'Body', 'value': 'Brown'}, {'trait_type': 'Ear', 'value': 'Ear'}, {'trait_type': 'Head', 'value': 'Brown'}, {'trait_type': 'Mouth', 'value': 'Unbothered Blue'}, {'trait_type': 'Right Eye', 'value': 'Pacman'}, {'trait_type': 'Left Eye', 'value': 'Blue Squint'}, {'trait_type': 'Right Eyebrow', 'value': 'Fancy'}, {'trait_type': 'Left Eyebrow', 'value': 'Calm'}, {'trait_type': 'Clothing', 'value': 'Pablo des Gar�ons'}, {'trait_type': 'Jewelry', 'value': ''}, {'trait_type': 'Headwear', 'value': 'Pablo Fitted Green'}, {'trait_type': 'Name', 'value': ''}, {'trait_type': 'Generation', 'value': '1'}]"

32,A combination of modern art aesthetic and early 20th century cubism inspired by the late Picasso.,ipfs://QmeAVfDgQTpLn4aGDBWa7zzBqRVYPmrBeCCddEBgCAT6z8/32.png,"[{'trait_type': 'Background', 'value': 'Indigo'}, {'trait_type': 'Body', 'value': 'Purple'}, {'trait_type': 'Ear', 'value': 'Ear'}, {'trait_type': 'Head', 'value': 'Brown'}, {'trait_type': 'Mouth', 'value': 'Lip Bite'}, {'trait_type': 'Right Eye', 'value': 'Gold'}, {'trait_type': 'Left Eye', 'value': 'Yellow'}, {'trait_type': 'Right Eyebrow', 'value': 'Fancy'}, {'trait_type': 'Left Eyebrow', 'value': 'Calm'}, {'trait_type': 'Clothing', 'value': 'Varsity Jacket Blue'}, {'trait_type': 'Jewelry', 'value': ''}, {'trait_type': 'Headwear', 'value': 'Ski Goggles'}, {'trait_type': 'Name', 'value': ''}, {'trait_type': 'Generation', 'value': '1'}]"

33,A combination of modern art aesthetic and early 20th century cubism inspired by the late Picasso.,ipfs://QmeAVfDgQTpLn4aGDBWa7zzBqRVYPmrBeCCddEBgCAT6z8/33.png,"[{'trait_type': 'Background', 'value': 'Indigo'}, {'trait_type': 'Body', 'value': 'Brown'}, {'trait_type': 'Ear', 'value': 'Ear'}, {'trait_type': 'Head', 'value': 'Brown'}, {'trait_type': 'Mouth', 'value': 'Moustache Rainbow'}, {'trait_type': 'Right Eye', 'value': 'Pacman'}, {'trait_type': 'Left Eye', 'value': 'Yellow'}, {'trait_type': 'Right Eyebrow', 'value': 'Tranquil'}, {'trait_type': 'Left Eyebrow', 'value': 'Snooty'}, {'trait_type': 'Clothing', 'value': 'T-Shirt Blue Stripes'}, {'trait_type': 'Jewelry', 'value': ''}, {'trait_type': 'Headwear', 'value': 'Afro'}, {'trait_type': 'Name', 'value': ''}, {'trait_type': 'Generation', 'value': '1'}]"

34,A combination of modern art aesthetic and early 20th century cubism inspired by the late Picasso.,ipfs://QmeAVfDgQTpLn4aGDBWa7zzBqRVYPmrBeCCddEBgCAT6z8/34.png,"[{'trait_type': 'Background', 'value': 'Grey'}, {'trait_type': 'Body', 'value': 'Brown'}, {'trait_type': 'Ear', 'value': 'Ear'}, {'trait_type': 'Head', 'value': 'Brown'}, {'trait_type': 'Mouth', 'value': 'Snarl'}, {'trait_type': 'Right Eye', 'value': 'Jade'}, {'trait_type': 'Left Eye', 'value': 'Blue Squint'}, {'trait_type': 'Right Eyebrow', 'value': 'Tranquil'}, {'trait_type': 'Left Eyebrow', 'value': 'Sinister'}, {'trait_type': 'Clothing', 'value': 'Hoodie Denim Jacket'}, {'trait_type': 'Jewelry', 'value': ''}, {'trait_type': 'Headwear', 'value': 'Fisherman Hat'}, {'trait_type': 'Name', 'value': ''}, {'trait_type': 'Generation', 'value': '1'}]"

35,A combination of modern art aesthetic and early 20th century cubism inspired by the late Picasso.,ipfs://QmeAVfDgQTpLn4aGDBWa7zzBqRVYPmrBeCCddEBgCAT6z8/35.png,"[{'trait_type': 'Background', 'value': 'Peach'}, {'trait_type': 'Body', 'value': 'Purple'}, {'trait_type': 'Ear', 'value': 'Ear'}, {'trait_type': 'Head', 'value': 'Brown'}, {'trait_type': 'Mouth', 'value': 'Unbothered Blue'}, {'trait_type': 'Right Eye', 'value': 'Jade'}, {'trait_type': 'Left Eye', 'value': 'Purple Lazy'}, {'trait_type': 'Right Eyebrow', 'value': 'Fancy'}, {'trait_type': 'Left Eyebrow', 'value': 'Calm'}, {'trait_type': 'Clothing', 'value': 'Russian Pablo T-Shirt'}, {'trait_type': 'Jewelry', 'value': ''}, {'trait_type': 'Headwear', 'value': 'Pablo Fitted Green'}, {'trait_type': 'Name', 'value': ''}, {'trait_type': 'Generation', 'value': '1'}]"

36,A combination of modern art aesthetic and early 20th century cubism inspired by the late Picasso.,ipfs://QmeAVfDgQTpLn4aGDBWa7zzBqRVYPmrBeCCddEBgCAT6z8/36.png,"[{'trait_type': 'Background', 'value': 'Magenta'}, {'trait_type': 'Body', 'value': 'Brown'}, {'trait_type': 'Ear', 'value': 'Ear'}, {'trait_type': 'Head', 'value': 'Brown'}, {'trait_type': 'Mouth', 'value': 'Snarl'}, {'trait_type': 'Right Eye', 'value': 'Emerald'}, {'trait_type': 'Left Eye', 'value': 'Purple Lazy'}, {'trait_type': 'Right Eyebrow', 'value': 'Fancy'}, {'trait_type': 'Left Eyebrow', 'value': 'Sinister'}, {'trait_type': 'Clothing', 'value': 'Formal Black Tie'}, {'trait_type': 'Jewelry', 'value': ''}, {'trait_type': 'Headwear', 'value': ''}, {'trait_type': 'Name', 'value': ''}, {'trait_type': 'Generation', 'value': '1'}]"

37,A combination of modern art aesthetic and early 20th century cubism inspired by the late Picasso.,ipfs://QmeAVfDgQTpLn4aGDBWa7zzBqRVYPmrBeCCddEBgCAT6z8/37.png,"[{'trait_type': 'Background', 'value': 'Yellow'}, {'trait_type': 'Body', 'value': 'Peach'}, {'trait_type': 'Ear', 'value': 'Ear'}, {'trait_type': 'Head', 'value': 'Brown'}, {'trait_type': 'Mouth', 'value': 'Lip Bite Blue'}, {'trait_type': 'Right Eye', 'value': 'Gold'}, {'trait_type': 'Left Eye', 'value': 'Blue Squint'}, {'trait_type': 'Right Eyebrow', 'value': 'Fancy'}, {'trait_type': 'Left Eyebrow', 'value': 'Calm'}, {'trait_type': 'Clothing', 'value': ''}, {'trait_type': 'Jewelry', 'value': ''}, {'trait_type': 'Headwear', 'value': 'Bowler Hat'}, {'trait_type': 'Name', 'value': ''}, {'trait_type': 'Generation', 'value': '1'}]"

38,A combination of modern art aesthetic and early 20th century cubism inspired by the late Picasso.,ipfs://QmeAVfDgQTpLn4aGDBWa7zzBqRVYPmrBeCCddEBgCAT6z8/38.png,"[{'trait_type': 'Background', 'value': 'Green'}, {'trait_type': 'Body', 'value': 'Purple'}, {'trait_type': 'Ear', 'value': 'Ear'}, {'trait_type': 'Head', 'value': 'Brown'}, {'trait_type': 'Mouth', 'value': 'Unbothered Blue'}, {'trait_type': 'Right Eye', 'value': 'Jade'}, {'trait_type': 'Left Eye', 'value': 'Blue Squint'}, {'trait_type': 'Right Eyebrow', 'value': 'Tranquil'}, {'trait_type': 'Left Eyebrow', 'value': 'Calm'}, {'trait_type': 'Clothing', 'value': 'Tuxedo'}, {'trait_type': 'Jewelry', 'value': ''}, {'trait_type': 'Headwear', 'value': 'Fez'}, {'trait_type': 'Name', 'value': ''}, {'trait_type': 'Generation', 'value': '1'}]"

39,A combination of modern art aesthetic and early 20th century cubism inspired by the late Picasso.,ipfs://QmeAVfDgQTpLn4aGDBWa7zzBqRVYPmrBeCCddEBgCAT6z8/39.png,"[{'trait_type': 'Background', 'value': 'Baby Blue'}, {'trait_type': 'Body', 'value': 'Mosaic'}, {'trait_type': 'Ear', 'value': 'Ear'}, {'trait_type': 'Head', 'value': 'Brown'}, {'trait_type': 'Mouth', 'value': 'Unbothered Blue'}, {'trait_type': 'Right Eye', 'value': 'Rainbow'}, {'trait_type': 'Left Eye', 'value': 'Yellow'}, {'trait_type': 'Right Eyebrow', 'value': 'Tranquil'}, {'trait_type': 'Left Eyebrow', 'value': 'Snooty'}, {'trait_type': 'Clothing', 'value': 'Tank Top LA'}, {'trait_type': 'Jewelry', 'value': ''}, {'trait_type': 'Headwear', 'value': ''}, {'trait_type': 'Name', 'value': ''}, {'trait_type': 'Generation', 'value': '1'}]"

40,A combination of modern art aesthetic and early 20th century cubism inspired by the late Picasso.,ipfs://QmeAVfDgQTpLn4aGDBWa7zzBqRVYPmrBeCCddEBgCAT6z8/40.png,"[{'trait_type': 'Background', 'value': 'Yellow'}, {'trait_type': 'Body', 'value': 'Purple'}, {'trait_type': 'Ear', 'value': 'Ear'}, {'trait_type': 'Head', 'value': 'Brown'}, {'trait_type': 'Mouth', 'value': 'Lip Bite Blue'}, {'trait_type': 'Right Eye', 'value': 'Jade'}, {'trait_type': 'Left Eye', 'value': 'Yellow'}, {'trait_type': 'Right Eyebrow', 'value': 'Moody'}, {'trait_type': 'Left Eyebrow', 'value': 'Sinister'}, {'trait_type': 'Clothing', 'value': 'Varsity Jacket Red'}, {'trait_type': 'Jewelry', 'value': ''}, {'trait_type': 'Headwear', 'value': 'Lumberjack'}, {'trait_type': 'Name', 'value': ''}, {'trait_type': 'Generation', 'value': '1'}]"

41,A combination of modern art aesthetic and early 20th century cubism inspired by the late Picasso.,ipfs://QmeAVfDgQTpLn4aGDBWa7zzBqRVYPmrBeCCddEBgCAT6z8/41.png,"[{'trait_type': 'Background', 'value': 'Baby Blue'}, {'trait_type': 'Body', 'value': 'Purple'}, {'trait_type': 'Ear', 'value': 'Ear'}, {'trait_type': 'Head', 'value': 'Brown'}, {'trait_type': 'Mouth', 'value': 'Unbothered Blue'}, {'trait_type': 'Right Eye', 'value': 'Jade'}, {'trait_type': 'Left Eye', 'value': 'Glass'}, {'trait_type': 'Right Eyebrow', 'value': 'Fancy'}, {'trait_type': 'Left Eyebrow', 'value': 'Snooty'}, {'trait_type': 'Clothing', 'value': 'Leather Jacket'}, {'trait_type': 'Jewelry', 'value': ''}, {'trait_type': 'Headwear', 'value': 'Docker Beanie'}, {'trait_type': 'Name', 'value': ''}, {'trait_type': 'Generation', 'value': '1'}]"

42,A combination of modern art aesthetic and early 20th century cubism inspired by the late Picasso.,ipfs://QmdX617o3jRF5bFffdrs9ud1n8Pi3GVrB1BSzh4QLUE3JC/42.png,"[{'trait_type': 'Background', 'value': 'Pink'}, {'trait_type': 'Body', 'value': 'Brown'}, {'trait_type': 'Ear', 'value': 'Ear'}, {'trait_type': 'Head', 'value': 'Brown'}, {'trait_type': 'Mouth', 'value': 'Lip Bite Diamond'}, {'trait_type': 'Right Eye', 'value': 'Pacman'}, {'trait_type': 'Left Eye', 'value': 'High'}, {'trait_type': 'Right Eyebrow', 'value': 'Fancy'}, {'trait_type': 'Left Eyebrow', 'value': 'Calm'}, {'trait_type': 'Clothing', 'value': 'Formal Black Tie'}, {'trait_type': 'Jewelry', 'value': ''}, {'trait_type': 'Headwear', 'value': 'Bandana Blue'}, {'trait_type': 'Name', 'value': ''}, {'trait_type': 'Generation', 'value': ''}]"

43,A combination of modern art aesthetic and early 20th century cubism inspired by the late Picasso.,ipfs://QmdX617o3jRF5bFffdrs9ud1n8Pi3GVrB1BSzh4QLUE3JC/43.png,"[{'trait_type': 'Background', 'value': 'Grey'}, {'trait_type': 'Body', 'value': 'Brown'}, {'trait_type': 'Ear', 'value': 'Ear'}, {'trait_type': 'Head', 'value': 'Brown'}, {'trait_type': 'Mouth', 'value': 'Snarl Diamond'}, {'trait_type': 'Right Eye', 'value': 'Cotton Candy'}, {'trait_type': 'Left Eye', 'value': 'Purple Lazy'}, {'trait_type': 'Right Eyebrow', 'value': 'Fancy'}, {'trait_type': 'Left Eyebrow', 'value': 'Snooty'}, {'trait_type': 'Clothing', 'value': ''}, {'trait_type': 'Jewelry', 'value': ''}, {'trait_type': 'Headwear', 'value': 'Fisherman Hat'}, {'trait_type': 'Name', 'value': ''}, {'trait_type': 'Generation', 'value': ''}]"

44,A combination of modern art aesthetic and early 20th century cubism inspired by the late Picasso.,ipfs://QmdX617o3jRF5bFffdrs9ud1n8Pi3GVrB1BSzh4QLUE3JC/44.png,"[{'trait_type': 'Background', 'value': 'Green'}, {'trait_type': 'Body', 'value': 'Brown'}, {'trait_type': 'Ear', 'value': 'Ear'}, {'trait_type': 'Head', 'value': 'Brown'}, {'trait_type': 'Mouth', 'value': 'Unbothered Blue'}, {'trait_type': 'Right Eye', 'value': 'Emerald'}, {'trait_type': 'Left Eye', 'value': 'Yellow'}, {'trait_type': 'Right Eyebrow', 'value': 'Moody'}, {'trait_type': 'Left Eyebrow', 'value': 'Sinister'}, {'trait_type': 'Clothing', 'value': ''}, {'trait_type': 'Jewelry', 'value': ''}, {'trait_type': 'Headwear', 'value': 'Afro'}, {'trait_type': 'Name', 'value': ''}, {'trait_type': 'Generation', 'value': ''}]"

45,A combination of modern art aesthetic and early 20th century cubism inspired by the late Picasso.,ipfs://QmdX617o3jRF5bFffdrs9ud1n8Pi3GVrB1BSzh4QLUE3JC/45.png,"[{'trait_type': 'Background', 'value': 'Pink'}, {'trait_type': 'Body', 'value': 'Peach'}, {'trait_type': 'Ear', 'value': 'Ear'}, {'trait_type': 'Head', 'value': 'Brown'}, {'trait_type': 'Mouth', 'value': 'Snarl'}, {'trait_type': 'Right Eye', 'value': 'Jade'}, {'trait_type': 'Left Eye', 'value': 'Glass'}, {'trait_type': 'Right Eyebrow', 'value': 'Tranquil'}, {'trait_type': 'Left Eyebrow', 'value': 'Calm'}, {'trait_type': 'Clothing', 'value': ''}, {'trait_type': 'Jewelry', 'value': 'Earring'}, {'trait_type': 'Headwear', 'value': 'Pablo Fitted Green'}, {'trait_type': 'Name', 'value': ''}, {'trait_type': 'Generation', 'value': ''}]"

46,A combination of modern art aesthetic and early 20th century cubism inspired by the late Picasso.,ipfs://QmdX617o3jRF5bFffdrs9ud1n8Pi3GVrB1BSzh4QLUE3JC/46.png,"[{'trait_type': 'Background', 'value': 'Peach'}, {'trait_type': 'Body', 'value': 'Brown'}, {'trait_type': 'Ear', 'value': 'Ear'}, {'trait_type': 'Head', 'value': 'Brown'}, {'trait_type': 'Mouth', 'value': 'Moustache White'}, {'trait_type': 'Right Eye', 'value': 'Emerald'}, {'trait_type': 'Left Eye', 'value': 'Purple Lazy'}, {'trait_type': 'Right Eyebrow', 'value': 'Moody'}, {'trait_type': 'Left Eyebrow', 'value': 'Calm'}, {'trait_type': 'Clothing', 'value': 'Tank Top LA'}, {'trait_type': 'Jewelry', 'value': ''}, {'trait_type': 'Headwear', 'value': 'Docker Beanie'}, {'trait_type': 'Name', 'value': ''}, {'trait_type': 'Generation', 'value': ''}]"

47,A combination of modern art aesthetic and early 20th century cubism inspired by the late Picasso.,ipfs://QmdX617o3jRF5bFffdrs9ud1n8Pi3GVrB1BSzh4QLUE3JC/47.png,"[{'trait_type': 'Background', 'value': 'Grey'}, {'trait_type': 'Body', 'value': 'Purple'}, {'trait_type': 'Ear', 'value': 'Ear'}, {'trait_type': 'Head', 'value': 'Brown'}, {'trait_type': 'Mouth', 'value': 'Moustache Pink'}, {'trait_type': 'Right Eye', 'value': 'Pacman'}, {'trait_type': 'Left Eye', 'value': 'Yellow'}, {'trait_type': 'Right Eyebrow', 'value': 'Fancy'}, {'trait_type': 'Left Eyebrow', 'value': 'Snooty'}, {'trait_type': 'Clothing', 'value': 'Leather Jacket'}, {'trait_type': 'Jewelry', 'value': ''}, {'trait_type': 'Headwear', 'value': 'Fez'}, {'trait_type': 'Name', 'value': ''}, {'trait_type': 'Generation', 'value': ''}]"

48,A combination of modern art aesthetic and early 20th century cubism inspired by the late Picasso.,ipfs://QmdX617o3jRF5bFffdrs9ud1n8Pi3GVrB1BSzh4QLUE3JC/48.png,"[{'trait_type': 'Background', 'value': 'Magenta'}, {'trait_type': 'Body', 'value': 'Peach'}, {'trait_type': 'Ear', 'value': 'Ear'}, {'trait_type': 'Head', 'value': 'Brown'}, {'trait_type': 'Mouth', 'value': 'Crazy'}, {'trait_type': 'Right Eye', 'value': 'Pacman'}, {'trait_type': 'Left Eye', 'value': 'Blue Squint'}, {'trait_type': 'Right Eyebrow', 'value': 'Moody'}, {'trait_type': 'Left Eyebrow', 'value': 'Calm'}, {'trait_type': 'Clothing', 'value': 'Formal TieDye'}, {'trait_type': 'Jewelry', 'value': ''}, {'trait_type': 'Headwear', 'value': 'Party Hat'}, {'trait_type': 'Name', 'value': ''}, {'trait_type': 'Generation', 'value': ''}]"

49,A combination of modern art aesthetic and early 20th century cubism inspired by the late Picasso.,ipfs://QmdX617o3jRF5bFffdrs9ud1n8Pi3GVrB1BSzh4QLUE3JC/49.png,"[{'trait_type': 'Background', 'value': 'Yellow'}, {'trait_type': 'Body', 'value': 'Brown'}, {'trait_type': 'Ear', 'value': 'Ear'}, {'trait_type': 'Head', 'value': 'Brown'}, {'trait_type': 'Mouth', 'value': 'Moustache Rainbow'}, {'trait_type': 'Right Eye', 'value': 'Gold'}, {'trait_type': 'Left Eye', 'value': 'Purple Lazy'}, {'trait_type': 'Right Eyebrow', 'value': 'Fancy'}, {'trait_type': 'Left Eyebrow', 'value': 'Snooty'}, {'trait_type': 'Clothing', 'value': 'Russian Pablo T-Shirt'}, {'trait_type': 'Jewelry', 'value': ''}, {'trait_type': 'Headwear', 'value': 'Lumberjack'}, {'trait_type': 'Name', 'value': ''}, {'trait_type': 'Generation', 'value': ''}]"

50,A combination of modern art aesthetic and early 20th century cubism inspired by the late Picasso.,ipfs://QmdX617o3jRF5bFffdrs9ud1n8Pi3GVrB1BSzh4QLUE3JC/50.png,"[{'trait_type': 'Background', 'value': 'Grey'}, {'trait_type': 'Body', 'value': 'Brown'}, {'trait_type': 'Ear', 'value': 'Ear'}, {'trait_type': 'Head', 'value': 'Brown'}, {'trait_type': 'Mouth', 'value': 'Snarl Gold Grill'}, {'trait_type': 'Right Eye', 'value': 'Emerald'}, {'trait_type': 'Left Eye', 'value': 'Purple Lazy'}, {'trait_type': 'Right Eyebrow', 'value': 'Moody'}, {'trait_type': 'Left Eyebrow', 'value': 'Sinister'}, {'trait_type': 'Clothing', 'value': 'Construction'}, {'trait_type': 'Jewelry', 'value': ''}, {'trait_type': 'Headwear', 'value': 'Afro'}, {'trait_type': 'Name', 'value': ''}, {'trait_type': 'Generation', 'value': ''}]"

51,A combination of modern art aesthetic and early 20th century cubism inspired by the late Picasso.,ipfs://QmdX617o3jRF5bFffdrs9ud1n8Pi3GVrB1BSzh4QLUE3JC/51.png,"[{'trait_type': 'Background', 'value': 'Baby Blue'}, {'trait_type': 'Body', 'value': 'Peach'}, {'trait_type': 'Ear', 'value': 'Ear'}, {'trait_type': 'Head', 'value': 'Brown'}, {'trait_type': 'Mouth', 'value': 'Crazy'}, {'trait_type': 'Right Eye', 'value': 'Jade'}, {'trait_type': 'Left Eye', 'value': 'Yellow'}, {'trait_type': 'Right Eyebrow', 'value': 'Tranquil'}, {'trait_type': 'Left Eyebrow', 'value': 'Calm'}, {'trait_type': 'Clothing', 'value': 'Vacation Shirt Green'}, {'trait_type': 'Jewelry', 'value': 'Earring'}, {'trait_type': 'Headwear', 'value': 'Bandana Blue'}, {'trait_type': 'Name', 'value': ''}, {'trait_type': 'Generation', 'value': ''}]"

52,A combination of modern art aesthetic and early 20th century cubism inspired by the late Picasso.,ipfs://QmdX617o3jRF5bFffdrs9ud1n8Pi3GVrB1BSzh4QLUE3JC/52.png,"[{'trait_type': 'Background', 'value': 'Baby Blue'}, {'trait_type': 'Body', 'value': 'Mosaic'}, {'trait_type': 'Ear', 'value': 'Ear'}, {'trait_type': 'Head', 'value': 'Brown'}, {'trait_type': 'Mouth', 'value': 'Moustache Pink'}, {'trait_type': 'Right Eye', 'value': 'Pacman'}, {'trait_type': 'Left Eye', 'value': 'Purple Lazy'}, {'trait_type': 'Right Eyebrow', 'value': 'Moody'}, {'trait_type': 'Left Eyebrow', 'value': 'Calm'}, {'trait_type': 'Clothing', 'value': 'Flannel Brown'}, {'trait_type': 'Jewelry', 'value': ''}, {'trait_type': 'Headwear', 'value': 'Bandana Red'}, {'trait_type': 'Name', 'value': ''}, {'trait_type': 'Generation', 'value': ''}]"

53,A combination of modern art aesthetic and early 20th century cubism inspired by the late Picasso.,ipfs://QmdX617o3jRF5bFffdrs9ud1n8Pi3GVrB1BSzh4QLUE3JC/53.png,"[{'trait_type': 'Background', 'value': 'Baby Blue'}, {'trait_type': 'Body', 'value': 'Purple'}, {'trait_type': 'Ear', 'value': 'Ear'}, {'trait_type': 'Head', 'value': 'Brown'}, {'trait_type': 'Mouth', 'value': 'Snarl'}, {'trait_type': 'Right Eye', 'value': 'Gold'}, {'trait_type': 'Left Eye', 'value': 'Purple Lazy'}, {'trait_type': 'Right Eyebrow', 'value': 'Tranquil'}, {'trait_type': 'Left Eyebrow', 'value': 'Sinister'}, {'trait_type': 'Clothing', 'value': 'Russian Pablo T-Shirt'}, {'trait_type': 'Jewelry', 'value': ''}, {'trait_type': 'Headwear', 'value': 'Bandana Red'}, {'trait_type': 'Name', 'value': ''}, {'trait_type': 'Generation', 'value': ''}]"

54,A combination of modern art aesthetic and early 20th century cubism inspired by the late Picasso.,ipfs://QmdX617o3jRF5bFffdrs9ud1n8Pi3GVrB1BSzh4QLUE3JC/54.png,"[{'trait_type': 'Background', 'value': 'Baby Blue'}, {'trait_type': 'Body', 'value': 'Peach'}, {'trait_type': 'Ear', 'value': 'Ear'}, {'trait_type': 'Head', 'value': 'Brown'}, {'trait_type': 'Mouth', 'value': 'Crazy'}, {'trait_type': 'Right Eye', 'value': 'Gold'}, {'trait_type': 'Left Eye', 'value': 'Glass'}, {'trait_type': 'Right Eyebrow', 'value': 'Tranquil'}, {'trait_type': 'Left Eyebrow', 'value': 'Calm'}, {'trait_type': 'Clothing', 'value': 'Leather Jacket'}, {'trait_type': 'Jewelry', 'value': ''}, {'trait_type': 'Headwear', 'value': 'Captain Hat'}, {'trait_type': 'Name', 'value': ''}, {'trait_type': 'Generation', 'value': ''}]"

55,A combination of modern art aesthetic and early 20th century cubism inspired by the late Picasso.,ipfs://QmdX617o3jRF5bFffdrs9ud1n8Pi3GVrB1BSzh4QLUE3JC/55.png,"[{'trait_type': 'Background', 'value': 'Indigo'}, {'trait_type': 'Body', 'value': 'Peach'}, {'trait_type': 'Ear', 'value': 'Ear'}, {'trait_type': 'Head', 'value': 'Brown'}, {'trait_type': 'Mouth', 'value': 'Crazy'}, {'trait_type': 'Right Eye', 'value': 'Jade'}, {'trait_type': 'Left Eye', 'value': 'Purple Lazy'}, {'trait_type': 'Right Eyebrow', 'value': 'Fancy'}, {'trait_type': 'Left Eyebrow', 'value': 'Snooty'}, {'trait_type': 'Clothing', 'value': 'Varsity Jacket Red'}, {'trait_type': 'Jewelry', 'value': ''}, {'trait_type': 'Headwear', 'value': 'Ski Goggles'}, {'trait_type': 'Name', 'value': ''}, {'trait_type': 'Generation', 'value': ''}]"

56,A combination of modern art aesthetic and early 20th century cubism inspired by the late Picasso.,ipfs://QmdX617o3jRF5bFffdrs9ud1n8Pi3GVrB1BSzh4QLUE3JC/56.png,"[{'trait_type': 'Background', 'value': 'Magenta'}, {'trait_type': 'Body', 'value': 'Peach'}, {'trait_type': 'Ear', 'value': 'Ear'}, {'trait_type': 'Head', 'value': 'Brown'}, {'trait_type': 'Mouth', 'value': 'Lip Bite'}, {'trait_type': 'Right Eye', 'value': 'Gold'}, {'trait_type': 'Left Eye', 'value': 'Blue Squint'}, {'trait_type': 'Right Eyebrow', 'value': 'Tranquil'}, {'trait_type': 'Left Eyebrow', 'value': 'Sinister'}, {'trait_type': 'Clothing', 'value': 'T-Shirt Blue Stripes'}, {'trait_type': 'Jewelry', 'value': ''}, {'trait_type': 'Headwear', 'value': 'Bandana Blue'}, {'trait_type': 'Name', 'value': ''}, {'trait_type': 'Generation', 'value': ''}]"

57,A combination of modern art aesthetic and early 20th century cubism inspired by the late Picasso.,ipfs://QmdX617o3jRF5bFffdrs9ud1n8Pi3GVrB1BSzh4QLUE3JC/57.png,"[{'trait_type': 'Background', 'value': 'Peach'}, {'trait_type': 'Body', 'value': 'Peach'}, {'trait_type': 'Ear', 'value': 'Ear'}, {'trait_type': 'Head', 'value': 'Brown'}, {'trait_type': 'Mouth', 'value': 'Snarl'}, {'trait_type': 'Right Eye', 'value': 'Gold'}, {'trait_type': 'Left Eye', 'value': 'Purple Lazy'}, {'trait_type': 'Right Eyebrow', 'value': 'Tranquil'}, {'trait_type': 'Left Eyebrow', 'value': 'Snooty'}, {'trait_type': 'Clothing', 'value': 'Russian Pablo T-Shirt'}, {'trait_type': 'Jewelry', 'value': 'Earring'}, {'trait_type': 'Headwear', 'value': 'Fisherman Hat'}, {'trait_type': 'Name', 'value': ''}, {'trait_type': 'Generation', 'value': ''}]"

58,A combination of modern art aesthetic and early 20th century cubism inspired by the late Picasso.,ipfs://QmdX617o3jRF5bFffdrs9ud1n8Pi3GVrB1BSzh4QLUE3JC/58.png,"[{'trait_type': 'Background', 'value': 'Baby Blue'}, {'trait_type': 'Body', 'value': 'Purple'}, {'trait_type': 'Ear', 'value': 'Ear'}, {'trait_type': 'Head', 'value': 'Brown'}, {'trait_type': 'Mouth', 'value': 'Unbothered Blue'}, {'trait_type': 'Right Eye', 'value': 'Jade'}, {'trait_type': 'Left Eye', 'value': 'Yellow'}, {'trait_type': 'Right Eyebrow', 'value': 'Tranquil'}, {'trait_type': 'Left Eyebrow', 'value': 'Calm'}, {'trait_type': 'Clothing', 'value': ''}, {'trait_type': 'Jewelry', 'value': 'Nose Ring'}, {'trait_type': 'Headwear', 'value': ''}, {'trait_type': 'Name', 'value': ''}, {'trait_type': 'Generation', 'value': ''}]"

59,A combination of modern art aesthetic and early 20th century cubism inspired by the late Picasso.,ipfs://QmdX617o3jRF5bFffdrs9ud1n8Pi3GVrB1BSzh4QLUE3JC/59.png,"[{'trait_type': 'Background', 'value': 'Magenta'}, {'trait_type': 'Body', 'value': 'Brown'}, {'trait_type': 'Ear', 'value': 'Ear'}, {'trait_type': 'Head', 'value': 'Brown'}, {'trait_type': 'Mouth', 'value': 'Snarl'}, {'trait_type': 'Right Eye', 'value': 'Gold'}, {'trait_type': 'Left Eye', 'value': 'Blue Squint'}, {'trait_type': 'Right Eyebrow', 'value': 'Moody'}, {'trait_type': 'Left Eyebrow', 'value': 'Snooty'}, {'trait_type': 'Clothing', 'value': 'Tuxedo'}, {'trait_type': 'Jewelry', 'value': ''}, {'trait_type': 'Headwear', 'value': 'Docker Beanie'}, {'trait_type': 'Name', 'value': ''}, {'trait_type': 'Generation', 'value': ''}]"

60,A combination of modern art aesthetic and early 20th century cubism inspired by the late Picasso.,ipfs://QmdX617o3jRF5bFffdrs9ud1n8Pi3GVrB1BSzh4QLUE3JC/60.png,"[{'trait_type': 'Background', 'value': 'Baby Blue'}, {'trait_type': 'Body', 'value': 'Brown'}, {'trait_type': 'Ear', 'value': 'Ear'}, {'trait_type': 'Head', 'value': 'Brown'}, {'trait_type': 'Mouth', 'value': 'Moustache White'}, {'trait_type': 'Right Eye', 'value': 'Jade'}, {'trait_type': 'Left Eye', 'value': 'Yellow'}, {'trait_type': 'Right Eyebrow', 'value': 'Tranquil'}, {'trait_type': 'Left Eyebrow', 'value': 'Calm'}, {'trait_type': 'Clothing', 'value': 'Fur Coat Brown'}, {'trait_type': 'Jewelry', 'value': ''}, {'trait_type': 'Headwear', 'value': 'Afro'}, {'trait_type': 'Name', 'value': ''}, {'trait_type': 'Generation', 'value': ''}]"

61,A combination of modern art aesthetic and early 20th century cubism inspired by the late Picasso.,ipfs://QmdX617o3jRF5bFffdrs9ud1n8Pi3GVrB1BSzh4QLUE3JC/61.png,"[{'trait_type': 'Background', 'value': 'Baby Blue'}, {'trait_type': 'Body', 'value': 'Peach'}, {'trait_type': 'Ear', 'value': 'Ear'}, {'trait_type': 'Head', 'value': 'Brown'}, {'trait_type': 'Mouth', 'value': 'Crazy'}, {'trait_type': 'Right Eye', 'value': 'Jade'}, {'trait_type': 'Left Eye', 'value': 'Glass'}, {'trait_type': 'Right Eyebrow', 'value': 'Tranquil'}, {'trait_type': 'Left Eyebrow', 'value': 'Snooty'}, {'trait_type': 'Clothing', 'value': 'Hoodie Denim Jacket'}, {'trait_type': 'Jewelry', 'value': ''}, {'trait_type': 'Headwear', 'value': 'Olive Branches'}, {'trait_type': 'Name', 'value': ''}, {'trait_type': 'Generation', 'value': ''}]"

62,A combination of modern art aesthetic and early 20th century cubism inspired by the late Picasso.,ipfs://QmdX617o3jRF5bFffdrs9ud1n8Pi3GVrB1BSzh4QLUE3JC/62.png,"[{'trait_type': 'Background', 'value': 'Peach'}, {'trait_type': 'Body', 'value': 'Brown'}, {'trait_type': 'Ear', 'value': 'Ear'}, {'trait_type': 'Head', 'value': 'Brown'}, {'trait_type': 'Mouth', 'value': 'Unbothered'}, {'trait_type': 'Right Eye', 'value': 'Jade'}, {'trait_type': 'Left Eye', 'value': 'Blue Squint'}, {'trait_type': 'Right Eyebrow', 'value': 'Tranquil'}, {'trait_type': 'Left Eyebrow', 'value': 'Sinister'}, {'trait_type': 'Clothing', 'value': 'Formal Black Tie'}, {'trait_type': 'Jewelry', 'value': 'Nose Ring'}, {'trait_type': 'Headwear', 'value': ''}, {'trait_type': 'Name', 'value': ''}, {'trait_type': 'Generation', 'value': ''}]"

63,A combination of modern art aesthetic and early 20th century cubism inspired by the late Picasso.,ipfs://QmdX617o3jRF5bFffdrs9ud1n8Pi3GVrB1BSzh4QLUE3JC/63.png,"[{'trait_type': 'Background', 'value': 'Pink'}, {'trait_type': 'Body', 'value': 'Purple'}, {'trait_type': 'Ear', 'value': 'Ear'}, {'trait_type': 'Head', 'value': 'Brown'}, {'trait_type': 'Mouth', 'value': 'Snarl Blue'}, {'trait_type': 'Right Eye', 'value': 'Gold'}, {'trait_type': 'Left Eye', 'value': 'Blue Squint'}, {'trait_type': 'Right Eyebrow', 'value': 'Tranquil'}, {'trait_type': 'Left Eyebrow', 'value': 'Sinister'}, {'trait_type': 'Clothing', 'value': 'Vacation Shirt Red'}, {'trait_type': 'Jewelry', 'value': ''}, {'trait_type': 'Headwear', 'value': 'Fez'}, {'trait_type': 'Name', 'value': ''}, {'trait_type': 'Generation', 'value': ''}]"

64,A combination of modern art aesthetic and early 20th century cubism inspired by the late Picasso.,ipfs://QmdX617o3jRF5bFffdrs9ud1n8Pi3GVrB1BSzh4QLUE3JC/64.png,"[{'trait_type': 'Background', 'value': 'Magenta'}, {'trait_type': 'Body', 'value': 'Brown'}, {'trait_type': 'Ear', 'value': 'Ear'}, {'trait_type': 'Head', 'value': 'Brown'}, {'trait_type': 'Mouth', 'value': 'Crazy Diamond'}, {'trait_type': 'Right Eye', 'value': 'Cotton Candy'}, {'trait_type': 'Left Eye', 'value': 'Blue Squint'}, {'trait_type': 'Right Eyebrow', 'value': 'Moody'}, {'trait_type': 'Left Eyebrow', 'value': 'Snooty'}, {'trait_type': 'Clothing', 'value': ''}, {'trait_type': 'Jewelry', 'value': ''}, {'trait_type': 'Headwear', 'value': 'Fez'}, {'trait_type': 'Name', 'value': ''}, {'trait_type': 'Generation', 'value': ''}]"

65,A combination of modern art aesthetic and early 20th century cubism inspired by the late Picasso.,ipfs://QmdX617o3jRF5bFffdrs9ud1n8Pi3GVrB1BSzh4QLUE3JC/65.png,"[{'trait_type': 'Background', 'value': 'Indigo'}, {'trait_type': 'Body', 'value': 'Peach'}, {'trait_type': 'Ear', 'value': 'Ear'}, {'trait_type': 'Head', 'value': 'Brown'}, {'trait_type': 'Mouth', 'value': 'Crazy Blue'}, {'trait_type': 'Right Eye', 'value': 'Cotton Candy'}, {'trait_type': 'Left Eye', 'value': 'Yellow'}, {'trait_type': 'Right Eyebrow', 'value': 'Fancy'}, {'trait_type': 'Left Eyebrow', 'value': 'Sinister'}, {'trait_type': 'Clothing', 'value': 'Pablo des Gar�ons'}, {'trait_type': 'Jewelry', 'value': ''}, {'trait_type': 'Headwear', 'value': 'Captain Hat'}, {'trait_type': 'Name', 'value': ''}, {'trait_type': 'Generation', 'value': ''}]"

66,A combination of modern art aesthetic and early 20th century cubism inspired by the late Picasso.,ipfs://QmdX617o3jRF5bFffdrs9ud1n8Pi3GVrB1BSzh4QLUE3JC/66.png,"[{'trait_type': 'Background', 'value': 'Grey'}, {'trait_type': 'Body', 'value': 'Purple'}, {'trait_type': 'Ear', 'value': 'Ear'}, {'trait_type': 'Head', 'value': 'Brown'}, {'trait_type': 'Mouth', 'value': 'Crazy Blue'}, {'trait_type': 'Right Eye', 'value': 'Cotton Candy'}, {'trait_type': 'Left Eye', 'value': 'Blue Squint'}, {'trait_type': 'Right Eyebrow', 'value': 'Tranquil'}, {'trait_type': 'Left Eyebrow', 'value': 'Sinister'}, {'trait_type': 'Clothing', 'value': ''}, {'trait_type': 'Jewelry', 'value': ''}, {'trait_type': 'Headwear', 'value': ''}, {'trait_type': 'Name', 'value': ''}, {'trait_type': 'Generation', 'value': ''}]"

67,A combination of modern art aesthetic and early 20th century cubism inspired by the late Picasso.,ipfs://QmdX617o3jRF5bFffdrs9ud1n8Pi3GVrB1BSzh4QLUE3JC/67.png,"[{'trait_type': 'Background', 'value': 'Peach'}, {'trait_type': 'Body', 'value': 'Brown'}, {'trait_type': 'Ear', 'value': 'Ear'}, {'trait_type': 'Head', 'value': 'Brown'}, {'trait_type': 'Mouth', 'value': 'Crazy Gold Grill'}, {'trait_type': 'Right Eye', 'value': 'Pacman'}, {'trait_type': 'Left Eye', 'value': 'Blue Squint'}, {'trait_type': 'Right Eyebrow', 'value': 'Fancy'}, {'trait_type': 'Left Eyebrow', 'value': 'Sinister'}, {'trait_type': 'Clothing', 'value': ''}, {'trait_type': 'Jewelry', 'value': ''}, {'trait_type': 'Headwear', 'value': 'Pablo Fitted Green'}, {'trait_type': 'Name', 'value': ''}, {'trait_type': 'Generation', 'value': ''}]"

68,A combination of modern art aesthetic and early 20th century cubism inspired by the late Picasso.,ipfs://QmdX617o3jRF5bFffdrs9ud1n8Pi3GVrB1BSzh4QLUE3JC/68.png,"[{'trait_type': 'Background', 'value': 'Grey'}, {'trait_type': 'Body', 'value': 'Peach'}, {'trait_type': 'Ear', 'value': 'Ear'}, {'trait_type': 'Head', 'value': 'Brown'}, {'trait_type': 'Mouth', 'value': 'Snarl Diamond'}, {'trait_type': 'Right Eye', 'value': 'Cotton Candy'}, {'trait_type': 'Left Eye', 'value': 'Yellow'}, {'trait_type': 'Right Eyebrow', 'value': 'Fancy'}, {'trait_type': 'Left Eyebrow', 'value': 'Sinister'}, {'trait_type': 'Clothing', 'value': ''}, {'trait_type': 'Jewelry', 'value': ''}, {'trait_type': 'Headwear', 'value': 'Party Hat'}, {'trait_type': 'Name', 'value': ''}, {'trait_type': 'Generation', 'value': ''}]"

69,A combination of modern art aesthetic and early 20th century cubism inspired by the late Picasso.,ipfs://QmdX617o3jRF5bFffdrs9ud1n8Pi3GVrB1BSzh4QLUE3JC/69.png,"[{'trait_type': 'Background', 'value': 'Green'}, {'trait_type': 'Body', 'value': 'Brown'}, {'trait_type': 'Ear', 'value': 'Ear'}, {'trait_type': 'Head', 'value': 'Brown'}, {'trait_type': 'Mouth', 'value': 'Moustache Pink'}, {'trait_type': 'Right Eye', 'value': 'Gold'}, {'trait_type': 'Left Eye', 'value': 'Glass'}, {'trait_type': 'Right Eyebrow', 'value': 'Moody'}, {'trait_type': 'Left Eyebrow', 'value': 'Calm'}, {'trait_type': 'Clothing', 'value': 'Hippie Vest'}, {'trait_type': 'Jewelry', 'value': ''}, {'trait_type': 'Headwear', 'value': 'Kings Crown'}, {'trait_type': 'Name', 'value': ''}, {'trait_type': 'Generation', 'value': ''}]"

70,A combination of modern art aesthetic and early 20th century cubism inspired by the late Picasso.,ipfs://QmdX617o3jRF5bFffdrs9ud1n8Pi3GVrB1BSzh4QLUE3JC/70.png,"[{'trait_type': 'Background', 'value': 'Indigo'}, {'trait_type': 'Body', 'value': 'Brown'}, {'trait_type': 'Ear', 'value': 'Ear'}, {'trait_type': 'Head', 'value': 'Brown'}, {'trait_type': 'Mouth', 'value': 'Moustache White'}, {'trait_type': 'Right Eye', 'value': 'Pacman'}, {'trait_type': 'Left Eye', 'value': 'Glass'}, {'trait_type': 'Right Eyebrow', 'value': 'Fancy'}, {'trait_type': 'Left Eyebrow', 'value': 'Snooty'}, {'trait_type': 'Clothing', 'value': 'Formal Black Tie'}, {'trait_type': 'Jewelry', 'value': 'Nose Ring'}, {'trait_type': 'Headwear', 'value': ''}, {'trait_type': 'Name', 'value': ''}, {'trait_type': 'Generation', 'value': ''}]"

71,A combination of modern art aesthetic and early 20th century cubism inspired by the late Picasso.,ipfs://QmdX617o3jRF5bFffdrs9ud1n8Pi3GVrB1BSzh4QLUE3JC/71.png,"[{'trait_type': 'Background', 'value': 'Peach'}, {'trait_type': 'Body', 'value': 'Purple'}, {'trait_type': 'Ear', 'value': 'Ear'}, {'trait_type': 'Head', 'value': 'Brown'}, {'trait_type': 'Mouth', 'value': 'Unbothered'}, {'trait_type': 'Right Eye', 'value': 'Gold'}, {'trait_type': 'Left Eye', 'value': 'Purple Lazy'}, {'trait_type': 'Right Eyebrow', 'value': 'Tranquil'}, {'trait_type': 'Left Eyebrow', 'value': 'Snooty'}, {'trait_type': 'Clothing', 'value': 'Construction'}, {'trait_type': 'Jewelry', 'value': 'Nose Stud'}, {'trait_type': 'Headwear', 'value': ''}, {'trait_type': 'Name', 'value': ''}, {'trait_type': 'Generation', 'value': ''}]"

72,A combination of modern art aesthetic and early 20th century cubism inspired by the late Picasso.,ipfs://QmdX617o3jRF5bFffdrs9ud1n8Pi3GVrB1BSzh4QLUE3JC/72.png,"[{'trait_type': 'Background', 'value': 'Green'}, {'trait_type': 'Body', 'value': 'Brown'}, {'trait_type': 'Ear', 'value': 'Ear'}, {'trait_type': 'Head', 'value': 'Brown'}, {'trait_type': 'Mouth', 'value': 'Snarl Gold Grill'}, {'trait_type': 'Right Eye', 'value': 'Jade'}, {'trait_type': 'Left Eye', 'value': 'Yellow'}, {'trait_type': 'Right Eyebrow', 'value': 'Tranquil'}, {'trait_type': 'Left Eyebrow', 'value': 'Calm'}, {'trait_type': 'Clothing', 'value': 'Varsity Jacket Green'}, {'trait_type': 'Jewelry', 'value': ''}, {'trait_type': 'Headwear', 'value': ''}, {'trait_type': 'Name', 'value': ''}, {'trait_type': 'Generation', 'value': ''}]"

73,A combination of modern art aesthetic and early 20th century cubism inspired by the late Picasso.,ipfs://QmdX617o3jRF5bFffdrs9ud1n8Pi3GVrB1BSzh4QLUE3JC/73.png,"[{'trait_type': 'Background', 'value': 'Peach'}, {'trait_type': 'Body', 'value': 'Brown'}, {'trait_type': 'Ear', 'value': 'Ear'}, {'trait_type': 'Head', 'value': 'Brown'}, {'trait_type': 'Mouth', 'value': 'Moustache Pink'}, {'trait_type': 'Right Eye', 'value': 'Emerald'}, {'trait_type': 'Left Eye', 'value': 'Purple Lazy'}, {'trait_type': 'Right Eyebrow', 'value': 'Fancy'}, {'trait_type': 'Left Eyebrow', 'value': 'Calm'}, {'trait_type': 'Clothing', 'value': 'Turtleneck'}, {'trait_type': 'Jewelry', 'value': 'Nose Stud'}, {'trait_type': 'Headwear', 'value': 'Bandana Red'}, {'trait_type': 'Name', 'value': ''}, {'trait_type': 'Generation', 'value': ''}]"

74,A combination of modern art aesthetic and early 20th century cubism inspired by the late Picasso.,ipfs://QmdX617o3jRF5bFffdrs9ud1n8Pi3GVrB1BSzh4QLUE3JC/74.png,"[{'trait_type': 'Background', 'value': 'Baby Blue'}, {'trait_type': 'Body', 'value': 'Peach'}, {'trait_type': 'Ear', 'value': 'Ear'}, {'trait_type': 'Head', 'value': 'Brown'}, {'trait_type': 'Mouth', 'value': 'Crazy Blue'}, {'trait_type': 'Right Eye', 'value': 'Jade'}, {'trait_type': 'Left Eye', 'value': 'Purple Lazy'}, {'trait_type': 'Right Eyebrow', 'value': 'Tranquil'}, {'trait_type': 'Left Eyebrow', 'value': 'Calm'}, {'trait_type': 'Clothing', 'value': 'Varsity Jacket Blue'}, {'trait_type': 'Jewelry', 'value': ''}, {'trait_type': 'Headwear', 'value': 'Afro'}, {'trait_type': 'Name', 'value': ''}, {'trait_type': 'Generation', 'value': ''}]"

75,A combination of modern art aesthetic and early 20th century cubism inspired by the late Picasso.,ipfs://QmdX617o3jRF5bFffdrs9ud1n8Pi3GVrB1BSzh4QLUE3JC/75.png,"[{'trait_type': 'Background', 'value': 'Yellow'}, {'trait_type': 'Body', 'value': 'Brown'}, {'trait_type': 'Ear', 'value': 'Ear'}, {'trait_type': 'Head', 'value': 'Brown'}, {'trait_type': 'Mouth', 'value': 'Lip Bite Blue'}, {'trait_type': 'Right Eye', 'value': 'Pacman'}, {'trait_type': 'Left Eye', 'value': 'Yellow'}, {'trait_type': 'Right Eyebrow', 'value': 'Tranquil'}, {'trait_type': 'Left Eyebrow', 'value': 'Snooty'}, {'trait_type': 'Clothing', 'value': ''}, {'trait_type': 'Jewelry', 'value': ''}, {'trait_type': 'Headwear', 'value': 'Straw Hat'}, {'trait_type': 'Name', 'value': ''}, {'trait_type': 'Generation', 'value': ''}]"

76,A combination of modern art aesthetic and early 20th century cubism inspired by the late Picasso.,ipfs://QmdX617o3jRF5bFffdrs9ud1n8Pi3GVrB1BSzh4QLUE3JC/76.png,"[{'trait_type': 'Background', 'value': 'Grey'}, {'trait_type': 'Body', 'value': 'Brown'}, {'trait_type': 'Ear', 'value': 'Ear'}, {'trait_type': 'Head', 'value': 'Brown'}, {'trait_type': 'Mouth', 'value': 'Crazy Blue'}, {'trait_type': 'Right Eye', 'value': 'Jade'}, {'trait_type': 'Left Eye', 'value': 'Robot'}, {'trait_type': 'Right Eyebrow', 'value': 'Tranquil'}, {'trait_type': 'Left Eyebrow', 'value': 'Snooty'}, {'trait_type': 'Clothing', 'value': 'T-Shirt Blue Stripes'}, {'trait_type': 'Jewelry', 'value': 'Nose Ring'}, {'trait_type': 'Headwear', 'value': 'Kings Crown'}, {'trait_type': 'Name', 'value': ''}, {'trait_type': 'Generation', 'value': ''}]"

77,A combination of modern art aesthetic and early 20th century cubism inspired by the late Picasso.,ipfs://QmdX617o3jRF5bFffdrs9ud1n8Pi3GVrB1BSzh4QLUE3JC/77.png,"[{'trait_type': 'Background', 'value': 'Indigo'}, {'trait_type': 'Body', 'value': 'Peach'}, {'trait_type': 'Ear', 'value': 'Ear'}, {'trait_type': 'Head', 'value': 'Brown'}, {'trait_type': 'Mouth', 'value': 'Lip Bite Diamond'}, {'trait_type': 'Right Eye', 'value': 'Jade'}, {'trait_type': 'Left Eye', 'value': 'Robot'}, {'trait_type': 'Right Eyebrow', 'value': 'Fancy'}, {'trait_type': 'Left Eyebrow', 'value': 'Snooty'}, {'trait_type': 'Clothing', 'value': 'Pablo des Gar�ons'}, {'trait_type': 'Jewelry', 'value': 'Earring'}, {'trait_type': 'Headwear', 'value': ''}, {'trait_type': 'Name', 'value': ''}, {'trait_type': 'Generation', 'value': ''}]"

78,A combination of modern art aesthetic and early 20th century cubism inspired by the late Picasso.,ipfs://QmdX617o3jRF5bFffdrs9ud1n8Pi3GVrB1BSzh4QLUE3JC/78.png,"[{'trait_type': 'Background', 'value': 'Baby Blue'}, {'trait_type': 'Body', 'value': 'Brown'}, {'trait_type': 'Ear', 'value': 'Ear'}, {'trait_type': 'Head', 'value': 'Brown'}, {'trait_type': 'Mouth', 'value': 'Unbothered'}, {'trait_type': 'Right Eye', 'value': 'Jade'}, {'trait_type': 'Left Eye', 'value': 'Purple Lazy'}, {'trait_type': 'Right Eyebrow', 'value': 'Fancy'}, {'trait_type': 'Left Eyebrow', 'value': 'Calm'}, {'trait_type': 'Clothing', 'value': 'Leather Jacket'}, {'trait_type': 'Jewelry', 'value': ''}, {'trait_type': 'Headwear', 'value': 'Party Hat'}, {'trait_type': 'Name', 'value': ''}, {'trait_type': 'Generation', 'value': ''}]"

79,A combination of modern art aesthetic and early 20th century cubism inspired by the late Picasso.,ipfs://QmdX617o3jRF5bFffdrs9ud1n8Pi3GVrB1BSzh4QLUE3JC/79.png,"[{'trait_type': 'Background', 'value': 'Baby Blue'}, {'trait_type': 'Body', 'value': 'Peach'}, {'trait_type': 'Ear', 'value': 'Ear'}, {'trait_type': 'Head', 'value': 'Brown'}, {'trait_type': 'Mouth', 'value': 'Crazy Gold Grill'}, {'trait_type': 'Right Eye', 'value': 'Gold'}, {'trait_type': 'Left Eye', 'value': 'Yellow'}, {'trait_type': 'Right Eyebrow', 'value': 'Tranquil'}, {'trait_type': 'Left Eyebrow', 'value': 'Sinister'}, {'trait_type': 'Clothing', 'value': 'Tank Top NY'}, {'trait_type': 'Jewelry', 'value': ''}, {'trait_type': 'Headwear', 'value': 'Party Hat'}, {'trait_type': 'Name', 'value': ''}, {'trait_type': 'Generation', 'value': ''}]"

80,A combination of modern art aesthetic and early 20th century cubism inspired by the late Picasso.,ipfs://QmdX617o3jRF5bFffdrs9ud1n8Pi3GVrB1BSzh4QLUE3JC/80.png,"[{'trait_type': 'Background', 'value': 'Peach'}, {'trait_type': 'Body', 'value': 'Peach'}, {'trait_type': 'Ear', 'value': 'Ear'}, {'trait_type': 'Head', 'value': 'Brown'}, {'trait_type': 'Mouth', 'value': 'Snarl Blue'}, {'trait_type': 'Right Eye', 'value': 'Rainbow'}, {'trait_type': 'Left Eye', 'value': 'Yellow'}, {'trait_type': 'Right Eyebrow', 'value': 'Moody'}, {'trait_type': 'Left Eyebrow', 'value': 'Sinister'}, {'trait_type': 'Clothing', 'value': 'Construction'}, {'trait_type': 'Jewelry', 'value': ''}, {'trait_type': 'Headwear', 'value': 'Lumberjack'}, {'trait_type': 'Name', 'value': ''}, {'trait_type': 'Generation', 'value': ''}]"

81,A combination of modern art aesthetic and early 20th century cubism inspired by the late Picasso.,ipfs://QmdX617o3jRF5bFffdrs9ud1n8Pi3GVrB1BSzh4QLUE3JC/81.png,"[{'trait_type': 'Background', 'value': 'Baby Blue'}, {'trait_type': 'Body', 'value': 'Purple'}, {'trait_type': 'Ear', 'value': 'Ear'}, {'trait_type': 'Head', 'value': 'Brown'}, {'trait_type': 'Mouth', 'value': 'Crazy'}, {'trait_type': 'Right Eye', 'value': 'Cotton Candy'}, {'trait_type': 'Left Eye', 'value': 'Blue Squint'}, {'trait_type': 'Right Eyebrow', 'value': 'Moody'}, {'trait_type': 'Left Eyebrow', 'value': 'Calm'}, {'trait_type': 'Clothing', 'value': 'Formal TieDye'}, {'trait_type': 'Jewelry', 'value': 'Nose Ring'}, {'trait_type': 'Headwear', 'value': ''}, {'trait_type': 'Name', 'value': ''}, {'trait_type': 'Generation', 'value': ''}]"

82,A combination of modern art aesthetic and early 20th century cubism inspired by the late Picasso.,ipfs://QmdX617o3jRF5bFffdrs9ud1n8Pi3GVrB1BSzh4QLUE3JC/82.png,"[{'trait_type': 'Background', 'value': 'Indigo'}, {'trait_type': 'Body', 'value': 'Purple'}, {'trait_type': 'Ear', 'value': 'Ear'}, {'trait_type': 'Head', 'value': 'Brown'}, {'trait_type': 'Mouth', 'value': 'Lip Bite Diamond'}, {'trait_type': 'Right Eye', 'value': 'Emerald'}, {'trait_type': 'Left Eye', 'value': 'Purple Lazy'}, {'trait_type': 'Right Eyebrow', 'value': 'Moody'}, {'trait_type': 'Left Eyebrow', 'value': 'Snooty'}, {'trait_type': 'Clothing', 'value': 'T-Shirt Blue Stripes'}, {'trait_type': 'Jewelry', 'value': 'Earring'}, {'trait_type': 'Headwear', 'value': ''}, {'trait_type': 'Name', 'value': ''}, {'trait_type': 'Generation', 'value': ''}]"

83,A combination of modern art aesthetic and early 20th century cubism inspired by the late Picasso.,ipfs://QmdX617o3jRF5bFffdrs9ud1n8Pi3GVrB1BSzh4QLUE3JC/83.png,"[{'trait_type': 'Background', 'value': 'Yellow'}, {'trait_type': 'Body', 'value': 'Brown'}, {'trait_type': 'Ear', 'value': 'Ear'}, {'trait_type': 'Head', 'value': 'Brown'}, {'trait_type': 'Mouth', 'value': 'Moustache Pink'}, {'trait_type': 'Right Eye', 'value': 'Cotton Candy'}, {'trait_type': 'Left Eye', 'value': 'Yellow'}, {'trait_type': 'Right Eyebrow', 'value': 'Tranquil'}, {'trait_type': 'Left Eyebrow', 'value': 'Snooty'}, {'trait_type': 'Clothing', 'value': 'Fur Coat Brown'}, {'trait_type': 'Jewelry', 'value': ''}, {'trait_type': 'Headwear', 'value': 'Bowler Hat'}, {'trait_type': 'Name', 'value': ''}, {'trait_type': 'Generation', 'value': ''}]"

84,A combination of modern art aesthetic and early 20th century cubism inspired by the late Picasso.,ipfs://QmdX617o3jRF5bFffdrs9ud1n8Pi3GVrB1BSzh4QLUE3JC/84.png,"[{'trait_type': 'Background', 'value': 'Indigo'}, {'trait_type': 'Body', 'value': 'Brown'}, {'trait_type': 'Ear', 'value': 'Ear'}, {'trait_type': 'Head', 'value': 'Brown'}, {'trait_type': 'Mouth', 'value': 'Moustache White'}, {'trait_type': 'Right Eye', 'value': 'Cotton Candy'}, {'trait_type': 'Left Eye', 'value': 'Yellow'}, {'trait_type': 'Right Eyebrow', 'value': 'Moody'}, {'trait_type': 'Left Eyebrow', 'value': 'Snooty'}, {'trait_type': 'Clothing', 'value': 'Vacation Shirt Red'}, {'trait_type': 'Jewelry', 'value': ''}, {'trait_type': 'Headwear', 'value': 'Afro'}, {'trait_type': 'Name', 'value': ''}, {'trait_type': 'Generation', 'value': ''}]"

85,A combination of modern art aesthetic and early 20th century cubism inspired by the late Picasso.,ipfs://QmdX617o3jRF5bFffdrs9ud1n8Pi3GVrB1BSzh4QLUE3JC/85.png,"[{'trait_type': 'Background', 'value': 'Pink'}, {'trait_type': 'Body', 'value': 'Peach'}, {'trait_type': 'Ear', 'value': 'Ear'}, {'trait_type': 'Head', 'value': 'Brown'}, {'trait_type': 'Mouth', 'value': 'Crazy'}, {'trait_type': 'Right Eye', 'value': 'Pacman'}, {'trait_type': 'Left Eye', 'value': 'Yellow'}, {'trait_type': 'Right Eyebrow', 'value': 'Tranquil'}, {'trait_type': 'Left Eyebrow', 'value': 'Calm'}, {'trait_type': 'Clothing', 'value': 'Vacation Shirt Red'}, {'trait_type': 'Jewelry', 'value': 'Earring'}, {'trait_type': 'Headwear', 'value': 'Afro'}, {'trait_type': 'Name', 'value': ''}, {'trait_type': 'Generation', 'value': ''}]"

86,A combination of modern art aesthetic and early 20th century cubism inspired by the late Picasso.,ipfs://QmdX617o3jRF5bFffdrs9ud1n8Pi3GVrB1BSzh4QLUE3JC/86.png,"[{'trait_type': 'Background', 'value': 'Baby Blue'}, {'trait_type': 'Body', 'value': 'Purple'}, {'trait_type': 'Ear', 'value': 'Ear'}, {'trait_type': 'Head', 'value': 'Brown'}, {'trait_type': 'Mouth', 'value': 'Moustache Rainbow'}, {'trait_type': 'Right Eye', 'value': 'Jade'}, {'trait_type': 'Left Eye', 'value': 'High'}, {'trait_type': 'Right Eyebrow', 'value': 'Fancy'}, {'trait_type': 'Left Eyebrow', 'value': 'Sinister'}, {'trait_type': 'Clothing', 'value': 'Tank Top LA'}, {'trait_type': 'Jewelry', 'value': ''}, {'trait_type': 'Headwear', 'value': 'Captain Hat'}, {'trait_type': 'Name', 'value': ''}, {'trait_type': 'Generation', 'value': ''}]"

87,A combination of modern art aesthetic and early 20th century cubism inspired by the late Picasso.,ipfs://QmdX617o3jRF5bFffdrs9ud1n8Pi3GVrB1BSzh4QLUE3JC/87.png,"[{'trait_type': 'Background', 'value': 'Green'}, {'trait_type': 'Body', 'value': 'Peach'}, {'trait_type': 'Ear', 'value': 'Ear'}, {'trait_type': 'Head', 'value': 'Brown'}, {'trait_type': 'Mouth', 'value': 'Crazy'}, {'trait_type': 'Right Eye', 'value': 'Emerald'}, {'trait_type': 'Left Eye', 'value': 'Robot'}, {'trait_type': 'Right Eyebrow', 'value': 'Tranquil'}, {'trait_type': 'Left Eyebrow', 'value': 'Calm'}, {'trait_type': 'Clothing', 'value': 'Tuxedo'}, {'trait_type': 'Jewelry', 'value': 'Nose Ring'}, {'trait_type': 'Headwear', 'value': ''}, {'trait_type': 'Name', 'value': ''}, {'trait_type': 'Generation', 'value': ''}]"

88,A combination of modern art aesthetic and early 20th century cubism inspired by the late Picasso.,ipfs://QmdX617o3jRF5bFffdrs9ud1n8Pi3GVrB1BSzh4QLUE3JC/88.png,"[{'trait_type': 'Background', 'value': 'Yellow'}, {'trait_type': 'Body', 'value': 'Purple'}, {'trait_type': 'Ear', 'value': 'Ear'}, {'trait_type': 'Head', 'value': 'Brown'}, {'trait_type': 'Mouth', 'value': 'Crazy'}, {'trait_type': 'Right Eye', 'value': 'Cotton Candy'}, {'trait_type': 'Left Eye', 'value': 'Blue Squint'}, {'trait_type': 'Right Eyebrow', 'value': 'Moody'}, {'trait_type': 'Left Eyebrow', 'value': 'Sinister'}, {'trait_type': 'Clothing', 'value': 'Puffer Jacket'}, {'trait_type': 'Jewelry', 'value': ''}, {'trait_type': 'Headwear', 'value': 'Docker Beanie'}, {'trait_type': 'Name', 'value': ''}, {'trait_type': 'Generation', 'value': ''}]"

89,A combination of modern art aesthetic and early 20th century cubism inspired by the late Picasso.,ipfs://QmdX617o3jRF5bFffdrs9ud1n8Pi3GVrB1BSzh4QLUE3JC/89.png,"[{'trait_type': 'Background', 'value': 'Green'}, {'trait_type': 'Body', 'value': 'Mosaic'}, {'trait_type': 'Ear', 'value': 'Ear'}, {'trait_type': 'Head', 'value': 'Brown'}, {'trait_type': 'Mouth', 'value': 'Crazy'}, {'trait_type': 'Right Eye', 'value': 'Gold'}, {'trait_type': 'Left Eye', 'value': 'Blue Squint'}, {'trait_type': 'Right Eyebrow', 'value': 'Moody'}, {'trait_type': 'Left Eyebrow', 'value': 'Calm'}, {'trait_type': 'Clothing', 'value': 'Hippie Vest'}, {'trait_type': 'Jewelry', 'value': ''}, {'trait_type': 'Headwear', 'value': ''}, {'trait_type': 'Name', 'value': ''}, {'trait_type': 'Generation', 'value': ''}]"

90,A combination of modern art aesthetic and early 20th century cubism inspired by the late Picasso.,ipfs://QmdX617o3jRF5bFffdrs9ud1n8Pi3GVrB1BSzh4QLUE3JC/90.png,"[{'trait_type': 'Background', 'value': 'Indigo'}, {'trait_type': 'Body', 'value': 'Peach'}, {'trait_type': 'Ear', 'value': 'Ear'}, {'trait_type': 'Head', 'value': 'Brown'}, {'trait_type': 'Mouth', 'value': 'Unbothered'}, {'trait_type': 'Right Eye', 'value': 'Jade'}, {'trait_type': 'Left Eye', 'value': 'Purple Lazy'}, {'trait_type': 'Right Eyebrow', 'value': 'Moody'}, {'trait_type': 'Left Eyebrow', 'value': 'Snooty'}, {'trait_type': 'Clothing', 'value': 'Tank Top NY'}, {'trait_type': 'Jewelry', 'value': ''}, {'trait_type': 'Headwear', 'value': 'Captain Hat'}, {'trait_type': 'Name', 'value': ''}, {'trait_type': 'Generation', 'value': ''}]"

91,A combination of modern art aesthetic and early 20th century cubism inspired by the late Picasso.,ipfs://QmdX617o3jRF5bFffdrs9ud1n8Pi3GVrB1BSzh4QLUE3JC/91.png,"[{'trait_type': 'Background', 'value': 'Pink'}, {'trait_type': 'Body', 'value': 'Purple'}, {'trait_type': 'Ear', 'value': 'Ear'}, {'trait_type': 'Head', 'value': 'Brown'}, {'trait_type': 'Mouth', 'value': 'Snarl'}, {'trait_type': 'Right Eye', 'value': 'Pacman'}, {'trait_type': 'Left Eye', 'value': 'Yellow'}, {'trait_type': 'Right Eyebrow', 'value': 'Moody'}, {'trait_type': 'Left Eyebrow', 'value': 'Calm'}, {'trait_type': 'Clothing', 'value': 'Hippie Vest'}, {'trait_type': 'Jewelry', 'value': ''}, {'trait_type': 'Headwear', 'value': 'Docker Beanie'}, {'trait_type': 'Name', 'value': ''}, {'trait_type': 'Generation', 'value': ''}]"

92,A combination of modern art aesthetic and early 20th century cubism inspired by the late Picasso.,ipfs://QmdX617o3jRF5bFffdrs9ud1n8Pi3GVrB1BSzh4QLUE3JC/92.png,"[{'trait_type': 'Background', 'value': 'Grey'}, {'trait_type': 'Body', 'value': 'Brown'}, {'trait_type': 'Ear', 'value': 'Ear'}, {'trait_type': 'Head', 'value': 'Brown'}, {'trait_type': 'Mouth', 'value': 'Crazy Gold Grill'}, {'trait_type': 'Right Eye', 'value': 'Gold'}, {'trait_type': 'Left Eye', 'value': 'Robot'}, {'trait_type': 'Right Eyebrow', 'value': 'Fancy'}, {'trait_type': 'Left Eyebrow', 'value': 'Calm'}, {'trait_type': 'Clothing', 'value': 'Tuxedo'}, {'trait_type': 'Jewelry', 'value': 'Nose Ring'}, {'trait_type': 'Headwear', 'value': ''}, {'trait_type': 'Name', 'value': ''}, {'trait_type': 'Generation', 'value': ''}]"

93,A combination of modern art aesthetic and early 20th century cubism inspired by the late Picasso.,ipfs://QmdX617o3jRF5bFffdrs9ud1n8Pi3GVrB1BSzh4QLUE3JC/93.png,"[{'trait_type': 'Background', 'value': 'Grey'}, {'trait_type': 'Body', 'value': 'Brown'}, {'trait_type': 'Ear', 'value': 'Ear'}, {'trait_type': 'Head', 'value': 'Brown'}, {'trait_type': 'Mouth', 'value': 'Crazy'}, {'trait_type': 'Right Eye', 'value': 'Gold'}, {'trait_type': 'Left Eye', 'value': 'Blue Squint'}, {'trait_type': 'Right Eyebrow', 'value': 'Tranquil'}, {'trait_type': 'Left Eyebrow', 'value': 'Snooty'}, {'trait_type': 'Clothing', 'value': 'Tuxedo Red'}, {'trait_type': 'Jewelry', 'value': ''}, {'trait_type': 'Headwear', 'value': ''}, {'trait_type': 'Name', 'value': ''}, {'trait_type': 'Generation', 'value': ''}]"

94,A combination of modern art aesthetic and early 20th century cubism inspired by the late Picasso.,ipfs://QmdX617o3jRF5bFffdrs9ud1n8Pi3GVrB1BSzh4QLUE3JC/94.png,"[{'trait_type': 'Background', 'value': 'Baby Blue'}, {'trait_type': 'Body', 'value': 'Purple'}, {'trait_type': 'Ear', 'value': 'Ear'}, {'trait_type': 'Head', 'value': 'Brown'}, {'trait_type': 'Mouth', 'value': 'Lip Bite'}, {'trait_type': 'Right Eye', 'value': 'Cotton Candy'}, {'trait_type': 'Left Eye', 'value': 'Yellow'}, {'trait_type': 'Right Eyebrow', 'value': 'Tranquil'}, {'trait_type': 'Left Eyebrow', 'value': 'Snooty'}, {'trait_type': 'Clothing', 'value': ''}, {'trait_type': 'Jewelry', 'value': ''}, {'trait_type': 'Headwear', 'value': ''}, {'trait_type': 'Name', 'value': ''}, {'trait_type': 'Generation', 'value': ''}]"

95,A combination of modern art aesthetic and early 20th century cubism inspired by the late Picasso.,ipfs://QmdX617o3jRF5bFffdrs9ud1n8Pi3GVrB1BSzh4QLUE3JC/95.png,"[{'trait_type': 'Background', 'value': 'Green'}, {'trait_type': 'Body', 'value': 'Brown'}, {'trait_type': 'Ear', 'value': 'Ear'}, {'trait_type': 'Head', 'value': 'Brown'}, {'trait_type': 'Mouth', 'value': 'Unbothered Blue'}, {'trait_type': 'Right Eye', 'value': 'Cotton Candy'}, {'trait_type': 'Left Eye', 'value': 'Blue Squint'}, {'trait_type': 'Right Eyebrow', 'value': 'Tranquil'}, {'trait_type': 'Left Eyebrow', 'value': 'Sinister'}, {'trait_type': 'Clothing', 'value': 'Fur Coat Dalmation'}, {'trait_type': 'Jewelry', 'value': ''}, {'trait_type': 'Headwear', 'value': 'Party Hat'}, {'trait_type': 'Name', 'value': ''}, {'trait_type': 'Generation', 'value': ''}]"

96,A combination of modern art aesthetic and early 20th century cubism inspired by the late Picasso.,ipfs://QmdX617o3jRF5bFffdrs9ud1n8Pi3GVrB1BSzh4QLUE3JC/96.png,"[{'trait_type': 'Background', 'value': 'Grey'}, {'trait_type': 'Body', 'value': 'Brown'}, {'trait_type': 'Ear', 'value': 'Ear'}, {'trait_type': 'Head', 'value': 'Brown'}, {'trait_type': 'Mouth', 'value': 'Lip Bite'}, {'trait_type': 'Right Eye', 'value': 'Pacman'}, {'trait_type': 'Left Eye', 'value': 'Robot'}, {'trait_type': 'Right Eyebrow', 'value': 'Tranquil'}, {'trait_type': 'Left Eyebrow', 'value': 'Sinister'}, {'trait_type': 'Clothing', 'value': 'Vacation Shirt Red'}, {'trait_type': 'Jewelry', 'value': ''}, {'trait_type': 'Headwear', 'value': 'Fez'}, {'trait_type': 'Name', 'value': ''}, {'trait_type': 'Generation', 'value': ''}]"

97,A combination of modern art aesthetic and early 20th century cubism inspired by the late Picasso.,ipfs://QmdX617o3jRF5bFffdrs9ud1n8Pi3GVrB1BSzh4QLUE3JC/97.png,"[{'trait_type': 'Background', 'value': 'Indigo'}, {'trait_type': 'Body', 'value': 'Peach'}, {'trait_type': 'Ear', 'value': 'Ear'}, {'trait_type': 'Head', 'value': 'Brown'}, {'trait_type': 'Mouth', 'value': 'Lip Bite Blue'}, {'trait_type': 'Right Eye', 'value': 'Jade'}, {'trait_type': 'Left Eye', 'value': 'Yellow'}, {'trait_type': 'Right Eyebrow', 'value': 'Fancy'}, {'trait_type': 'Left Eyebrow', 'value': 'Sinister'}, {'trait_type': 'Clothing', 'value': 'Tuxedo'}, {'trait_type': 'Jewelry', 'value': ''}, {'trait_type': 'Headwear', 'value': ''}, {'trait_type': 'Name', 'value': ''}, {'trait_type': 'Generation', 'value': ''}]"

98,A combination of modern art aesthetic and early 20th century cubism inspired by the late Picasso.,ipfs://QmdX617o3jRF5bFffdrs9ud1n8Pi3GVrB1BSzh4QLUE3JC/98.png,"[{'trait_type': 'Background', 'value': 'Grey'}, {'trait_type': 'Body', 'value': 'Purple'}, {'trait_type': 'Ear', 'value': 'Ear'}, {'trait_type': 'Head', 'value': 'Brown'}, {'trait_type': 'Mouth', 'value': 'Lip Bite'}, {'trait_type': 'Right Eye', 'value': 'Jade'}, {'trait_type': 'Left Eye', 'value': 'Yellow'}, {'trait_type': 'Right Eyebrow', 'value': 'Fancy'}, {'trait_type': 'Left Eyebrow', 'value': 'Calm'}, {'trait_type': 'Clothing', 'value': ''}, {'trait_type': 'Jewelry', 'value': 'Nose Stud'}, {'trait_type': 'Headwear', 'value': 'Cowboy Hat'}, {'trait_type': 'Name', 'value': ''}, {'trait_type': 'Generation', 'value': ''}]"

99,A combination of modern art aesthetic and early 20th century cubism inspired by the late Picasso.,ipfs://QmdX617o3jRF5bFffdrs9ud1n8Pi3GVrB1BSzh4QLUE3JC/99.png,"[{'trait_type': 'Background', 'value': 'Grey'}, {'trait_type': 'Body', 'value': 'Brown'}, {'trait_type': 'Ear', 'value': 'Ear'}, {'trait_type': 'Head', 'value': 'Brown'}, {'trait_type': 'Mouth', 'value': 'Crazy Gold Grill'}, {'trait_type': 'Right Eye', 'value': 'Cotton Candy'}, {'trait_type': 'Left Eye', 'value': 'Purple Lazy'}, {'trait_type': 'Right Eyebrow', 'value': 'Fancy'}, {'trait_type': 'Left Eyebrow', 'value': 'Calm'}, {'trait_type': 'Clothing', 'value': 'Pablo des Gar�ons'}, {'trait_type': 'Jewelry', 'value': ''}, {'trait_type': 'Headwear', 'value': 'Bandana Red'}, {'trait_type': 'Name', 'value': ''}, {'trait_type': 'Generation', 'value': ''}]"

100,A combination of modern art aesthetic and early 20th century cubism inspired by the late Picasso.,ipfs://QmdX617o3jRF5bFffdrs9ud1n8Pi3GVrB1BSzh4QLUE3JC/100.png,"[{'trait_type': 'Background', 'value': 'Pink'}, {'trait_type': 'Body', 'value': 'Peach'}, {'trait_type': 'Ear', 'value': 'Ear'}, {'trait_type': 'Head', 'value': 'Brown'}, {'trait_type': 'Mouth', 'value': 'Snarl'}, {'trait_type': 'Right Eye', 'value': 'Pacman'}, {'trait_type': 'Left Eye', 'value': 'Purple Lazy'}, {'trait_type': 'Right Eyebrow', 'value': 'Tranquil'}, {'trait_type': 'Left Eyebrow', 'value': 'Sinister'}, {'trait_type': 'Clothing', 'value': 'Tuxedo'}, {'trait_type': 'Jewelry', 'value': ''}, {'trait_type': 'Headwear', 'value': 'Straw Hat'}, {'trait_type': 'Name', 'value': ''}, {'trait_type': 'Generation', 'value': ''}]"

